NOM;SUPPORT;FRACTION;PARAMETRE;UNITE;SEUILMIN;SEUILMAX;CLASSE;NOM_SEUIL;TYPE;TYPE_BORNE;SPECIFICITE
TEMPERATURE;3;;1301;27;0;20;TRES BON;AM. 25/01/2010;DCE;BORNE_INF_INCLUE;SALMONICOLE
TEMPERATURE;3;;1301;27;20;21,5;BON;AM. 25/01/2010;DCE;BORNE_INF_INCLUE;SALMONICOLE
TEMPERATURE;3;;1301;27;21,5;25;MOYEN;AM. 25/01/2010;DCE;BORNE_INF_INCLUE;SALMONICOLE
TEMPERATURE;3;;1301;27;25;28;MEDIOCRE;AM. 25/01/2010;DCE;BORNE_INF_INCLUE;SALMONICOLE
TEMPERATURE;3;;1301;27;28;Inf;MAUVAIS;AM. 25/01/2010;DCE;BORNE_INF_INCLUE;SALMONICOLE
TEMPERATURE;3;;1301;27;0;24;TRES BON;AM. 25/01/2010;DCE;BORNE_INF_INCLUE;CYPRINICOLE
TEMPERATURE;3;;1301;27;24;25,5;BON;AM. 25/01/2010;DCE;BORNE_INF_INCLUE;CYPRINICOLE
TEMPERATURE;3;;1301;27;25,5;27;MOYEN;AM. 25/01/2010;DCE;BORNE_INF_INCLUE;CYPRINICOLE
TEMPERATURE;3;;1301;27;27;28;MEDIOCRE;AM. 25/01/2010;DCE;BORNE_INF_INCLUE;CYPRINICOLE
TEMPERATURE;3;;1301;27;28;Inf;MAUVAIS;AM. 25/01/2010;DCE;BORNE_INF_INCLUE;CYPRINICOLE
pH;3;;1302;264;0;4,5;MAUVAIS;AM. 25/01/2010;DCE;BORNE_INF_INCLUE;
pH;3;;1302;264;4,5;5,5;MEDIOCRE;AM. 25/01/2010;DCE;BORNE_INF_INCLUE;
pH;3;;1302;264;5,5;6;MOYEN;AM. 25/01/2010;DCE;BORNE_INF_INCLUE;
pH;3;;1302;264;6;6,5;BON;AM. 25/01/2010;DCE;BORNE_INF_INCLUE;
pH;3;;1302;264;6,5;8,2;TRES BON;AM. 25/01/2010;DCE;BORNE_INF_INCLUE;
pH;3;;1302;264;8,2;9;BON;AM. 25/01/2010;DCE;BORNE_INF_INCLUE;
pH;3;;1302;264;9;9,5;MOYEN;AM. 25/01/2010;DCE;BORNE_INF_INCLUE;
pH;3;;1302;264;9,5;10;MEDIOCRE;AM. 25/01/2010;DCE;BORNE_INF_INCLUE;
pH;3;;1302;264;10;14;MAUVAIS;AM. 25/01/2010;DCE;BORNE_INF_INCLUE;
O2 dissous;3;;1311;162;0;3;MAUVAIS;AM. 25/01/2010;DCE;BORNE_INF_EXCLUE;
O2 dissous;3;;1311;162;3;4;MEDIOCRE;AM. 25/01/2010;DCE;BORNE_INF_EXCLUE;
O2 dissous;3;;1311;162;4;6;MOYEN;AM. 25/01/2010;DCE;BORNE_INF_EXCLUE;
O2 dissous;3;;1311;162;6;8;BON;AM. 25/01/2010;DCE;BORNE_INF_EXCLUE;
O2 dissous;3;;1311;162;8;Inf;TRES BON;AM. 25/01/2010;DCE;BORNE_INF_EXCLUE;
SATUR. O2;3;;1312;243;0;30;MAUVAIS;AM. 25/01/2010;DCE;BORNE_INF_EXCLUE;
SATUR. O2;3;;1312;243;30;50;MEDIOCRE;AM. 25/01/2010;DCE;BORNE_INF_EXCLUE;
SATUR. O2;3;;1312;243;50;70;MOYEN;AM. 25/01/2010;DCE;BORNE_INF_EXCLUE;
SATUR. O2;3;;1312;243;70;90;BON;AM. 25/01/2010;DCE;BORNE_INF_EXCLUE;
SATUR. O2;3;;1312;243;90;Inf;TRES BON;AM. 25/01/2010;DCE;BORNE_INF_EXCLUE;
DBO5;3;23;1313;162;0;3;TRES BON;AM. 25/01/2010;DCE;BORNE_INF_INCLUE;
DBO5;3;23;1313;162;3;6;BON;AM. 25/01/2010;DCE;BORNE_INF_INCLUE;
DBO5;3;23;1313;162;6;10;MOYEN;AM. 25/01/2010;DCE;BORNE_INF_INCLUE;
DBO5;3;23;1313;162;10;25;MEDIOCRE;AM. 25/01/2010;DCE;BORNE_INF_INCLUE;
DBO5;3;23;1313;162;25;Inf;MAUVAIS;AM. 25/01/2010;DCE;BORNE_INF_INCLUE;
NH4;3;;1335;162;0;0,1;TRES BON;AM. 25/01/2010;DCE;BORNE_INF_INCLUE;
NH4;3;;1335;162;0,1;0,5;BON;AM. 25/01/2010;DCE;BORNE_INF_INCLUE;
NH4;3;;1335;162;0,5;2;MOYEN;AM. 25/01/2010;DCE;BORNE_INF_INCLUE;
NH4;3;;1335;162;2;5;MEDIOCRE;AM. 25/01/2010;DCE;BORNE_INF_INCLUE;
NH4;3;;1335;162;5;Inf;MAUVAIS;AM. 25/01/2010;DCE;BORNE_INF_INCLUE;
NO2;3;;1339;162;0;0,1;TRES BON;AM. 25/01/2010;DCE;BORNE_INF_INCLUE;
NO2;3;;1339;162;0,1;0,3;BON;AM. 25/01/2010;DCE;BORNE_INF_INCLUE;
NO2;3;;1339;162;0,3;0,5;MOYEN;AM. 25/01/2010;DCE;BORNE_INF_INCLUE;
NO2;3;;1339;162;0,5;1;MEDIOCRE;AM. 25/01/2010;DCE;BORNE_INF_INCLUE;
NO2;3;;1339;162;1;Inf;MAUVAIS;AM. 25/01/2010;DCE;BORNE_INF_INCLUE;
NO3;3;;1340;162;0;10;TRES BON;AM. 25/01/2010;DCE;BORNE_INF_INCLUE;
NO3;3;;1340;162;10;50;BON;AM. 25/01/2010;DCE;BORNE_INF_INCLUE;
NO3;3;;1340;162;50;Inf;MOYEN;AM. 25/01/2010;DCE;BORNE_INF_INCLUE;
P total;3;23;1350;162;0;0,05;TRES BON;AM. 25/01/2010;DCE;BORNE_INF_INCLUE;
P total;3;23;1350;162;0,05;0,2;BON;AM. 25/01/2010;DCE;BORNE_INF_INCLUE;
P total;3;23;1350;162;0,2;0,5;MOYEN;AM. 25/01/2010;DCE;BORNE_INF_INCLUE;
P total;3;23;1350;162;0,5;1;MEDIOCRE;AM. 25/01/2010;DCE;BORNE_INF_INCLUE;
P total;3;23;1350;162;1;Inf;MAUVAIS;AM. 25/01/2010;DCE;BORNE_INF_INCLUE;
PO4;3;;1433;162;0;0,1;TRES BON;AM. 25/01/2010;DCE;BORNE_INF_INCLUE;
PO4;3;;1433;162;0,1;0,5;BON;AM. 25/01/2010;DCE;BORNE_INF_INCLUE;
PO4;3;;1433;162;0,5;1;MOYEN;AM. 25/01/2010;DCE;BORNE_INF_INCLUE;
PO4;3;;1433;162;1;2;MEDIOCRE;AM. 25/01/2010;DCE;BORNE_INF_INCLUE;
PO4;3;;1433;162;2;Inf;MAUVAIS;AM. 25/01/2010;DCE;BORNE_INF_INCLUE;
C. organique dissous;3;3;1841;162;0;5;TRES BON;AM. 25/01/2010;DCE;BORNE_INF_INCLUE;
C. organique dissous;3;3;1841;162;5;7;BON;AM. 25/01/2010;DCE;BORNE_INF_INCLUE;
C. organique dissous;3;3;1841;162;7;10;MOYEN;AM. 25/01/2010;DCE;BORNE_INF_INCLUE;
C. organique dissous;3;3;1841;162;10;15;MEDIOCRE;AM. 25/01/2010;DCE;BORNE_INF_INCLUE;
C. organique dissous;3;3;1841;162;15;Inf;MAUVAIS;AM. 25/01/2010;DCE;BORNE_INF_INCLUE;
DCO;3;23;1314;162;0;20;TRES BON;Guide évaluation ME;NON_DCE;BORNE_INF_EXCLUE;
DCO;3;23;1314;162;20;30;BON;Guide évaluation ME;NON_DCE;BORNE_INF_EXCLUE;
DCO;3;23;1314;162;30;Inf;MOYEN;Guide évaluation ME;NON_DCE;BORNE_INF_EXCLUE;
NKJ;3;;1319;162;0;1;TRES BON;Guide évaluation ME;NON_DCE;BORNE_INF_EXCLUE;
NKJ;3;;1319;162;1;2;BON;Guide évaluation ME;NON_DCE;BORNE_INF_EXCLUE;
NKJ;3;;1319;162;2;Inf;MOYEN;Guide évaluation ME;NON_DCE;BORNE_INF_EXCLUE;
MES;3;23;1305;162;0;25;TRES BON;Guide évaluation ME;NON_DCE;BORNE_INF_EXCLUE;
MES;3;23;1305;162;25;50;BON;Guide évaluation ME;NON_DCE;BORNE_INF_EXCLUE;
MES;3;23;1305;162;50;Inf;MOYEN;Guide évaluation ME;NON_DCE;BORNE_INF_EXCLUE;
Turbidité;3;23;1295;233;0;15;TRES BON;Guide évaluation ME;NON_DCE;BORNE_INF_EXCLUE;
Turbidité;3;23;1295;233;15;35;BON;Guide évaluation ME;NON_DCE;BORNE_INF_EXCLUE;
Turbidité;3;23;1295;233;35;Inf;MOYEN;Guide évaluation ME;NON_DCE;BORNE_INF_EXCLUE;
Turbidité;3;23;1295;233;0;15;TRES BON;Guide évaluation ME;NON_DCE;BORNE_INF_EXCLUE;
Turbidité;3;23;1295;233;15;35;BON;Guide évaluation ME;NON_DCE;BORNE_INF_EXCLUE;
Turbidité;3;23;1295;233;35;Inf;MOYEN;Guide évaluation ME;NON_DCE;BORNE_INF_EXCLUE;
SATUR. O2;3;;1312;243;130;Inf;MOYEN;Guide évaluation ME;NON_DCE;BORNE_INF_EXCLUE;
SATUR. O2;3;;1312;243;110;130;BON;Guide évaluation ME;NON_DCE;BORNE_INF_EXCLUE;
SATUR. O2;3;;1312;243;0;110;TRES BON;Guide évaluation ME;NON_DCE;BORNE_INF_EXCLUE;
Conductivité;3;;1303;147;0;2500;TRES BON;SEQ Eau - usage AEP;NON_DCE;BORNE_INF_EXCLUE;
Conductivité;3;;1303;147;2500;3000;BON;SEQ Eau - usage AEP;NON_DCE;BORNE_INF_EXCLUE;
Conductivité;3;;1303;147;3000;3500;MOYEN;SEQ Eau - usage AEP;NON_DCE;BORNE_INF_EXCLUE;
Conductivité;3;;1303;147;3500;4000;MEDIOCRE;SEQ Eau - usage AEP;NON_DCE;BORNE_INF_EXCLUE;
Conductivité;3;;1303;147;4000;Inf;MAUVAIS;SEQ Eau - usage AEP;NON_DCE;BORNE_INF_EXCLUE;
E. coli;3;;1449;226;0;500;EXCELLENTE QUALITE;Dir. 2006/7/CE - baignade - eau douce;BAIGNADE_EAU_DOUCE;BORNE_INF_EXCLUE;
E. coli;3;;1449;226;500;1000;BONNE QUALITE;Dir. 2006/7/CE - baignade - eau douce;BAIGNADE_EAU_DOUCE;BORNE_INF_EXCLUE;
E. coli;3;;1449;226;1000;Inf;QUALITE INSUFFISANTE;Dir. 2006/7/CE - baignade - eau douce;BAIGNADE_EAU_DOUCE;BORNE_INF_EXCLUE;
Entérocoques;3;;6455;226;0;200;EXCELLENTE QUALITE;Dir. 2006/7/CE - baignade - eau douce;BAIGNADE_EAU_DOUCE;BORNE_INF_EXCLUE;
Entérocoques;3;;6455;226;200;400;BONNE QUALITE;Dir. 2006/7/CE - baignade - eau douce;BAIGNADE_EAU_DOUCE;BORNE_INF_EXCLUE;
Entérocoques;3;;6455;226;400;Inf;QUALITE INSUFFISANTE;Dir. 2006/7/CE - baignade - eau douce;BAIGNADE_EAU_DOUCE;BORNE_INF_EXCLUE;
E. coli;3;;1449;226;0;250;EXCELLENTE QUALITE;Dir. 2006/7/CE - baignade - eau de mer;BAIGNADE_EAU_MER;BORNE_INF_EXCLUE;
E. coli;3;;1449;226;250;500;BONNE QUALITE;Dir. 2006/7/CE - baignade - eau de mer;BAIGNADE_EAU_MER;BORNE_INF_EXCLUE;
E. coli;3;;1449;226;500;Inf;QUALITE INSUFFISANTE;Dir. 2006/7/CE - baignade - eau de mer;BAIGNADE_EAU_MER;BORNE_INF_EXCLUE;
Entérocoques;3;;6455;226;0;100;EXCELLENTE QUALITE;Dir. 2006/7/CE - baignade - eau de mer;BAIGNADE_EAU_MER;BORNE_INF_EXCLUE;
Entérocoques;3;;6455;226;100;200;BONNE QUALITE;Dir. 2006/7/CE - baignade - eau de mer;BAIGNADE_EAU_MER;BORNE_INF_EXCLUE;
Entérocoques;3;;6455;226;200;Inf;QUALITE INSUFFISANTE;Dir. 2006/7/CE - baignade - eau de mer;BAIGNADE_EAU_MER;BORNE_INF_EXCLUE;
E. coli;3;;1449;226;1000000;13000000;EAUX USEES NON TRAITEES;Seuils informatifs;SEUILS_QUALITATIFS;BORNE_INF_EXCLUE;
E. coli;3;;1449;226;70000;1000000;REJET STEP;Seuils informatifs;SEUILS_QUALITATIFS;BORNE_INF_EXCLUE;
E. coli;3;;1449;226;1500;2000;PATURES;Seuils informatifs;SEUILS_QUALITATIFS;BORNE_INF_EXCLUE;
Glyphosate;3;;1506;133;0;28;<NQE moyen;AM. 25/01/2010;NON_DCE;BORNE_INF_EXCLUE;
Glyphosate;3;;1506;133;28;70;[NQE moyen - CMA[;INERIS 2014;NON_DCE;BORNE_INF_EXCLUE;
Glyphosate;3;;1506;133;70;Inf;> CMA;INERIS 2014;NON_DCE;BORNE_INF_EXCLUE;
Perchlorate;3;;6219;133;0;4;AEP OK;ANSES;NON_DCE;BORNE_INF_EXCLUE;
Perchlorate;3;;6219;133;4;Inf;Restrictions AEP;ANSES;NON_DCE;BORNE_INF_EXCLUE;
Sulcotrione;3;;1662;133;0;5;<NQE moyen;INERIS 2012;NON_DCE;BORNE_INF_EXCLUE;
Sulcotrione;3;;1662;133;5;350;[NQE moyen - CMA[;INERIS 2012;NON_DCE;BORNE_INF_EXCLUE;
Sulcotrione;3;;1662;133;350;Inf;> CMA;INERIS 2012;NON_DCE;BORNE_INF_EXCLUE;
Métamitrone;3;;1215;133;0;4;<NQE moyen;INERIS 2012;NON_DCE;BORNE_INF_EXCLUE;
Métamitrone;3;;1215;133;4;22;[NQE moyen - CMA[;INERIS 2012;NON_DCE;BORNE_INF_EXCLUE;
Métamitrone;3;;1215;133;22;Inf;> CMA;INERIS 2012;NON_DCE;BORNE_INF_EXCLUE;
Isoproturon;3;;1208;133;0;0,3;<NQE moyen;UE 2013;NON_DCE;BORNE_INF_EXCLUE;
Isoproturon;3;;1208;133;0,3;1;[NQE moyen - CMA[;UE 2013;NON_DCE;BORNE_INF_EXCLUE;
Isoproturon;3;;1208;133;1;Inf;> CMA;UE 2013;NON_DCE;BORNE_INF_EXCLUE;
Diflufénicanil;3;;1814;133;0;0,01;<NQE moyen;AM. 25/01/2010;NON_DCE;BORNE_INF_EXCLUE;
Diflufénicanil;3;;1814;133;0,01;0,045;[NQE moyen - CMA[;INERIS 2012;NON_DCE;BORNE_INF_EXCLUE;
Diflufénicanil;3;;1814;133;0,045;Inf;> CMA;INERIS 2012;NON_DCE;BORNE_INF_EXCLUE;
Chlortoluron;3;;1136;133;0;0,1;<NQE moyen;AM. 25/01/2010;NON_DCE;BORNE_INF_EXCLUE;
Chlortoluron;3;;1136;133;0,1;2;[NQE moyen - CMA[;INERIS 2013;NON_DCE;BORNE_INF_EXCLUE;
Chlortoluron;3;;1136;133;2;Inf;> CMA;INERIS 2013;NON_DCE;BORNE_INF_EXCLUE;
Bentazone;3;;1113;133;0;70;<NQE moyen;AM. 25/01/2010;NON_DCE;BORNE_INF_EXCLUE;
Bentazone;3;;1113;133;70;450;[NQE moyen - CMA[;INERIS 2009;NON_DCE;BORNE_INF_EXCLUE;
Bentazone;3;;1113;133;450;Inf;> CMA;INERIS 2009;NON_DCE;BORNE_INF_EXCLUE;
Boscalide;3;;5526;133;0;11,6;<NQE moyen;AM. 25/01/2010;NON_DCE;BORNE_INF_EXCLUE;
Boscalide;3;;5526;133;11,6;20;[NQE moyen - CMA[;INERIS 2014;NON_DCE;BORNE_INF_EXCLUE;
Boscalide;3;;5526;133;20;Inf;> CMA;INERIS 2014;NON_DCE;BORNE_INF_EXCLUE;
Métaldéhyde;3;;1796;133;0;60,6;<NQE moyen;AM. 25/01/2010;DCE;BORNE_INF_EXCLUE;
Métaldéhyde;3;;1796;133;60,6;Inf;>NQE moyen;AM. 25/01/2010;DCE;BORNE_INF_EXCLUE;
Métazachlore;3;;1670;133;0;0,019;<NQE moyen;AM. 25/01/2010;NON_DCE;BORNE_INF_EXCLUE;
Métazachlore;3;;1670;133;0,019;0,7;[NQE moyen - CMA[;INERIS 2011;NON_DCE;BORNE_INF_EXCLUE;
Métazachlore;3;;1670;133;0,7;Inf;> CMA;INERIS 2011;NON_DCE;BORNE_INF_EXCLUE;
Imidaclopride;3;;1877;133;0;0,2;<NQE moyen;AM. 25/01/2010;NON_DCE;BORNE_INF_EXCLUE;
Imidaclopride;3;;1877;133;0,2;0,3;[NQE moyen - CMA[;INERIS 2011;NON_DCE;BORNE_INF_EXCLUE;
Imidaclopride;3;;1877;133;0,3;Inf;> CMA;INERIS 2011;NON_DCE;BORNE_INF_EXCLUE;
Aminotriazole;3;;1105;133;0;0,08;<NQE moyen;AM. 25/01/2010;NON_DCE;BORNE_INF_EXCLUE;
Aminotriazole;3;;1105;133;0,08;0,15;[NQE moyen - CMA[;INERIS 2011;NON_DCE;BORNE_INF_EXCLUE;
Aminotriazole;3;;1105;133;0,15;Inf;> CMA;INERIS 2011;NON_DCE;BORNE_INF_EXCLUE;
2,4-MCPA;3;;1212;133;0;0,5;<NQE moyen;AM. 25/01/2010;NON_DCE;BORNE_INF_EXCLUE;
2,4-MCPA;3;;1212;133;0,5;13;[NQE moyen - CMA[;INERIS 2013;NON_DCE;BORNE_INF_EXCLUE;
2,4-MCPA;3;;1212;133;13;Inf;> CMA;INERIS 2013;NON_DCE;BORNE_INF_EXCLUE;
2,4-D;3;;1141;133;0;2,2;<NQE moyen;AM. 25/01/2010;NON_DCE;BORNE_INF_EXCLUE;
2,4-D;3;;1141;133;2,2;6;[NQE moyen - CMA[;INERIS 2012;NON_DCE;BORNE_INF_EXCLUE;
2,4-D;3;;1141;133;6;Inf;> CMA;INERIS 2012;NON_DCE;BORNE_INF_EXCLUE;
Oxadiazon;3;;1667;133;0;0,09;<NQE moyen;AM. 25/01/2010;NON_DCE;BORNE_INF_EXCLUE;
Oxadiazon;3;;1667;133;0,09;0,3;[NQE moyen - CMA[;INERIS 2014;NON_DCE;BORNE_INF_EXCLUE;
Oxadiazon;3;;1667;133;0,3;Inf;> CMA;INERIS 2014;NON_DCE;BORNE_INF_EXCLUE;
Nicosulfuron;3;;1882;133;0;0,035;<NQE moyen;AM. 25/01/2010;NON_DCE;BORNE_INF_EXCLUE;
Nicosulfuron;3;;1882;133;0,035;0,17;[NQE moyen - CMA[;INERIS 2011;NON_DCE;BORNE_INF_EXCLUE;
Nicosulfuron;3;;1882;133;0,17;Inf;> CMA;INERIS 2011;NON_DCE;BORNE_INF_EXCLUE;
Pendiméthaline;3;;1234;133;0;0,02;<NQE moyen;AM. 25/01/2010;NON_DCE;BORNE_INF_EXCLUE;
Pendiméthaline;3;;1234;133;0,02;0,5;[NQE moyen - CMA[;INERIS 2015;NON_DCE;BORNE_INF_EXCLUE;
Pendiméthaline;3;;1234;133;0,5;Inf;> CMA;INERIS 2015;NON_DCE;BORNE_INF_EXCLUE;
AMPA;3;;1907;133;0;452;<NQE moyen;AM. 25/01/2010;NON_DCE;BORNE_INF_EXCLUE;
AMPA;3;;1907;133;452;45200;[NQE moyen - CMA[;INERIS 2014;NON_DCE;BORNE_INF_EXCLUE;
AMPA;3;;1907;133;45200;Inf;> CMA;INERIS 2014;NON_DCE;BORNE_INF_EXCLUE;
Cyperméthrine;3;;1140;133;0;0,00008;<NQE moyen;AM. 25/01/2010;NON_DCE;BORNE_INF_EXCLUE;
Cyperméthrine;3;;1140;133;0,00008;0,0006;[NQE moyen - CMA[;AM. 25/01/2010;NON_DCE;BORNE_INF_EXCLUE;
Cyperméthrine;3;;1140;133;0,0006;Inf;> CMA;AM. 25/01/2010;NON_DCE;BORNE_INF_EXCLUE;
Trichlorométhane;3;;1135;133;0;2,5;<NQE moyen;AM. 25/01/2010;NON_DCE;BORNE_INF_EXCLUE;
Trichlorométhane;3;;1135;133;2,5;Inf;>NQE moyen;AM. 25/01/2010;NON_DCE;BORNE_INF_EXCLUE;
Composés du tributylétain ;3;;2879;133;0;0,0002;<NQE moyen;AM. 25/01/2010;NON_DCE;BORNE_INF_EXCLUE;
Composés du tributylétain ;3;;2879;133;0,0002;0,0015;[NQE moyen - CMA[;AM. 25/01/2010;NON_DCE;BORNE_INF_EXCLUE;
Composés du tributylétain ;3;;2879;133;0,0015;Inf;> CMA;AM. 25/01/2010;NON_DCE;BORNE_INF_EXCLUE;
Plomb dissous;3;3;1382;133;0;1,2;<NQE moyen;AM. 25/01/2010;DCE;BORNE_INF_EXCLUE;
Plomb dissous;3;3;1382;133;1,2;14;[NQE moyen - CMA[;AM. 25/01/2010;DCE;BORNE_INF_EXCLUE;
Plomb dissous;3;3;1382;133;14;Inf;> CMA;AM. 25/01/2010;DCE;BORNE_INF_EXCLUE;
Nickel dissous;3;3;1386;133;0;4;<NQE moyen;AM. 25/01/2010;DCE;BORNE_INF_EXCLUE;
Nickel dissous;3;3;1386;133;4;34;[NQE moyen - CMA[;AM. 25/01/2010;DCE;BORNE_INF_EXCLUE;
Nickel dissous;3;3;1386;133;34;Inf;> CMA;AM. 25/01/2010;DCE;BORNE_INF_EXCLUE;
pH;3;;1302;264;0;8;TRES BON;Guide évaluation ME;NON_DCE;BORNE_INF_EXCLUE;
pH;3;;1302;264;8;8,5;BON;Guide évaluation ME;NON_DCE;BORNE_INF_EXCLUE;
pH;3;;1302;264;8,5;14;MOYEN;Guide évaluation ME;NON_DCE;BORNE_INF_EXCLUE;
Aluminium dissous;3;3;1370;133;0;100;TRES BON;Guide évaluation ME;NON_DCE;BORNE_INF_EXCLUE;pH>6,5
Aluminium dissous;3;3;1370;133;100;200;BON;Guide évaluation ME;NON_DCE;BORNE_INF_EXCLUE;pH>6,5
Aluminium dissous;3;3;1370;133;200;Inf;MOYEN;Guide évaluation ME;NON_DCE;BORNE_INF_EXCLUE;pH>6,5
Aluminium dissous;3;3;1370;133;0;5;TRES BON;Guide évaluation ME;NON_DCE;BORNE_INF_EXCLUE;pH<=6,5
Aluminium dissous;3;3;1370;133;5;10;BON;Guide évaluation ME;NON_DCE;BORNE_INF_EXCLUE;pH<=6,5
Aluminium dissous;3;3;1370;133;10;Inf;MOYEN;Guide évaluation ME;NON_DCE;BORNE_INF_EXCLUE;pH<=6,5
DELTAO2 dissous;3;;D1311;162;0;1;TRES BON;Guide évaluation ME;NON_DCE;BORNE_INF_EXCLUE;
DELTAO2 dissous;3;;D1311;162;1;3;BON;Guide évaluation ME;NON_DCE;BORNE_INF_EXCLUE;
DELTAO2 dissous;3;;D1311;162;3;Inf;MOYEN;Guide évaluation ME;NON_DCE;BORNE_INF_EXCLUE;
Chlorophylle A + Phéopigments;3;;1436+1439;162;0;10;TRES BON;Guide évaluation ME;NON_DCE;BORNE_INF_EXCLUE;
Chlorophylle A + Phéopigments;3;;1436+1439;162;10;60;BON;Guide évaluation ME;NON_DCE;BORNE_INF_EXCLUE;
Chlorophylle A + Phéopigments;3;;1436+1439;162;60;Inf;MOYEN;Guide évaluation ME;NON_DCE;BORNE_INF_EXCLUE;
Zinc dissous;3;3;1383;133;0;7,8;<NQE moyen;AM. 25/01/2010;DCE;BORNE_INF_EXCLUE;
Zinc dissous;3;3;1383;133;7,8;Inf;>NQE moyen;AM. 25/01/2010;DCE;BORNE_INF_EXCLUE;
Arsenic dissous;3;3;1369;133;0;0,83;<NQE moyen;AM. 25/01/2010;DCE;BORNE_INF_EXCLUE;
Arsenic dissous;3;3;1369;133;0,83;Inf;>NQE moyen;AM. 25/01/2010;DCE;BORNE_INF_EXCLUE;
Cuivre dissous;3;3;1392;133;0;1;<NQE moyen;AM. 25/01/2010;DCE;BORNE_INF_EXCLUE;
Cuivre dissous;3;3;1392;133;1;Inf;>NQE moyen;AM. 25/01/2010;DCE;BORNE_INF_EXCLUE;
Chrome dissous;3;3;1389;133;0;3,4;<NQE moyen;AM. 25/01/2010;DCE;BORNE_INF_EXCLUE;
Chrome dissous;3;3;1389;133;3,4;Inf;>NQE moyen;AM. 25/01/2010;DCE;BORNE_INF_EXCLUE;
Biphényle;3;;1584;133;0;3,3;<NQE moyen;AM. 25/01/2010;NON_DCE;BORNE_INF_EXCLUE;
Biphényle;3;;1584;133;3,3;4;[NQE moyen - CMA[;INERIS 2013;NON_DCE;BORNE_INF_EXCLUE;
Biphényle;3;;1584;133;4;Inf;> CMA;INERIS 2013;NON_DCE;BORNE_INF_EXCLUE;
Chlorprophame;3;;1474;133;0;4;<NQE moyen;AM. 25/01/2010;NON_DCE;BORNE_INF_EXCLUE;
Chlorprophame;3;;1474;133;4;43;[NQE moyen - CMA[;INERIS 2014;NON_DCE;BORNE_INF_EXCLUE;
Chlorprophame;3;;1474;133;43;Inf;> CMA;INERIS 2014;NON_DCE;BORNE_INF_EXCLUE;
Xylène;3;;1780;133;0;1;<NQE moyen;AM. 25/01/2010;DCE;BORNE_INF_EXCLUE;
Xylène;3;;1780;133;1;Inf;>NQE moyen;AM. 25/01/2010;DCE;BORNE_INF_EXCLUE;
Chlortoluron;3;;1136;133;0;0,1;<NQE moyen;AM. 25/01/2010;DCE;BORNE_INF_EXCLUE;
Chlortoluron;3;;1136;133;0,1;Inf;>NQE moyen;AM. 25/01/2010;DCE;BORNE_INF_EXCLUE;
Métazachlore;3;;1670;133;0;0,019;<NQE moyen;AM. 25/01/2010;DCE;BORNE_INF_EXCLUE;
Métazachlore;3;;1670;133;0,019;Inf;>NQE moyen;AM. 25/01/2010;DCE;BORNE_INF_EXCLUE;
Aminotriazole;3;;1105;133;0;0,08;<NQE moyen;AM. 25/01/2010;DCE;BORNE_INF_EXCLUE;
Aminotriazole;3;;1105;133;0,08;Inf;>NQE moyen;AM. 25/01/2010;DCE;BORNE_INF_EXCLUE;
Oxadiazon;3;;1667;133;0;0,09;<NQE moyen;AM. 25/01/2010;DCE;BORNE_INF_EXCLUE;
Oxadiazon;3;;1667;133;0,09;Inf;>NQE moyen;AM. 25/01/2010;DCE;BORNE_INF_EXCLUE;
AMPA;3;;1907;133;0;452;<NQE moyen;AM. 25/01/2010;DCE;BORNE_INF_EXCLUE;
AMPA;3;;1907;133;452;Inf;>NQE moyen;AM. 25/01/2010;DCE;BORNE_INF_EXCLUE;
Glyphosate;3;;1506;133;0;28;<NQE moyen;AM. 25/01/2010;DCE;BORNE_INF_EXCLUE;
Glyphosate;3;;1506;133;28;Inf;>NQE moyen;AM. 25/01/2010;DCE;BORNE_INF_EXCLUE;
2,4-MCPA;3;;1212;133;0;0,5;<NQE moyen;AM. 25/01/2010;DCE;BORNE_INF_EXCLUE;
2,4-MCPA;3;;1212;133;0,5;Inf;>NQE moyen;AM. 25/01/2010;DCE;BORNE_INF_EXCLUE;
Diflufénicanil;3;;1814;133;0;0,01;<NQE moyen;AM. 25/01/2010;DCE;BORNE_INF_EXCLUE;
Diflufénicanil;3;;1814;133;0,01;Inf;>NQE moyen;AM. 25/01/2010;DCE;BORNE_INF_EXCLUE;
Imidaclopride;3;;1877;133;0;0,2;<NQE moyen;AM. 25/01/2010;DCE;BORNE_INF_EXCLUE;
Imidaclopride;3;;1877;133;0,2;Inf;>NQE moyen;AM. 25/01/2010;DCE;BORNE_INF_EXCLUE;
2,4-D;3;;1141;133;0;2,2;<NQE moyen;AM. 25/01/2010;DCE;BORNE_INF_EXCLUE;
2,4-D;3;;1141;133;2,2;Inf;>NQE moyen;AM. 25/01/2010;DCE;BORNE_INF_EXCLUE;
Biphényle;3;;1584;133;0;3,3;<NQE moyen;AM. 25/01/2010;DCE;BORNE_INF_EXCLUE;
Biphényle;3;;1584;133;3,3;Inf;>NQE moyen;AM. 25/01/2010;DCE;BORNE_INF_EXCLUE;
Boscalide;3;;5526;133;0;11,6;<NQE moyen;AM. 25/01/2010;DCE;BORNE_INF_EXCLUE;
Boscalide;3;;5526;133;11,6;Inf;>NQE moyen;AM. 25/01/2010;DCE;BORNE_INF_EXCLUE;
Chlorprophame;3;;1474;133;0;4;<NQE moyen;AM. 25/01/2010;DCE;BORNE_INF_EXCLUE;
Chlorprophame;3;;1474;133;4;Inf;>NQE moyen;AM. 25/01/2010;DCE;BORNE_INF_EXCLUE;
Nicosulfuron;3;;1882;133;0;0,035;<NQE moyen;AM. 25/01/2010;DCE;BORNE_INF_EXCLUE;
Nicosulfuron;3;;1882;133;0,035;Inf;>NQE moyen;AM. 25/01/2010;DCE;BORNE_INF_EXCLUE;
Alachlore;3;;1101;133;0;0,3;<NQE moyen;AM. 25/01/2010;DCE;BORNE_INF_EXCLUE;
Alachlore;3;;1101;133;0,3;0,7;[NQE moyen - CMA[;AM. 25/01/2010;DCE;BORNE_INF_EXCLUE;
Alachlore;3;;1101;133;0,7;Inf;> CMA;AM. 25/01/2010;DCE;BORNE_INF_EXCLUE;
Anthracène;3;;1458;133;0;0,1;<NQE moyen;AM. 25/01/2010;DCE;BORNE_INF_EXCLUE;
Anthracène;3;;1458;133;0,1;Inf;> CMA;AM. 25/01/2010;DCE;BORNE_INF_EXCLUE;
Atrazine;3;;1107|551;133;0;0,6;<NQE moyen;AM. 25/01/2010;DCE;BORNE_INF_EXCLUE;
Atrazine;3;;1107|551;133;0,6;2;[NQE moyen - CMA[;AM. 25/01/2010;DCE;BORNE_INF_EXCLUE;
Atrazine;3;;1107|551;133;2;Inf;> CMA;AM. 25/01/2010;DCE;BORNE_INF_EXCLUE;
Benzène;3;;1114;133;0;10;<NQE moyen;AM. 25/01/2010;DCE;BORNE_INF_EXCLUE;
Benzène;3;;1114;133;10;50;[NQE moyen - CMA[;AM. 25/01/2010;DCE;BORNE_INF_EXCLUE;
Benzène;3;;1114;133;50;Inf;> CMA;AM. 25/01/2010;DCE;BORNE_INF_EXCLUE;
Diphényléthers bromés;3;;7705;133;0;0,14;< CMA;AM. 25/01/2010;DCE;BORNE_INF_EXCLUE;
Diphényléthers bromés;3;;7705;133;0,14;Inf;> CMA;AM. 25/01/2010;DCE;BORNE_INF_EXCLUE;
Cadmium dissous;3;3;1388;133;0;0,08;<NQE moyen;AM. 25/01/2010;DCE;BORNE_INF_EXCLUE;classe 1
Cadmium dissous;3;3;1388;133;0;0,08;<NQE moyen;AM. 25/01/2010;DCE;BORNE_INF_EXCLUE;classe 2
Cadmium dissous;3;3;1388;133;0;0,09;<NQE moyen;AM. 25/01/2010;DCE;BORNE_INF_EXCLUE;classe 3
Cadmium dissous;3;3;1388;133;0;0,15;<NQE moyen;AM. 25/01/2010;DCE;BORNE_INF_EXCLUE;classe 4
Cadmium dissous;3;3;1388;133;0;0,25;<NQE moyen;AM. 25/01/2010;DCE;BORNE_INF_EXCLUE;classe 5
Cadmium dissous;3;3;1388;133;0,08;0,45;[NQE moyen - CMA[;AM. 25/01/2010;DCE;BORNE_INF_EXCLUE;classe 1
Cadmium dissous;3;3;1388;133;0,08;0,45;[NQE moyen - CMA[;AM. 25/01/2010;DCE;BORNE_INF_EXCLUE;classe 2
Cadmium dissous;3;3;1388;133;0,09;0,6;[NQE moyen - CMA[;AM. 25/01/2010;DCE;BORNE_INF_EXCLUE;classe 3
Cadmium dissous;3;3;1388;133;0,15;0,9;[NQE moyen - CMA[;AM. 25/01/2010;DCE;BORNE_INF_EXCLUE;classe 4
Cadmium dissous;3;3;1388;133;0,25;1,5;[NQE moyen - CMA[;AM. 25/01/2010;DCE;BORNE_INF_EXCLUE;classe 5
Cadmium dissous;3;3;1388;133;0,45;Inf;> CMA;AM. 25/01/2010;DCE;BORNE_INF_EXCLUE;classe 1
Cadmium dissous;3;3;1388;133;0,45;Inf;> CMA;AM. 25/01/2010;DCE;BORNE_INF_EXCLUE;classe 2
Cadmium dissous;3;3;1388;133;0,6;Inf;> CMA;AM. 25/01/2010;DCE;BORNE_INF_EXCLUE;classe 3
Cadmium dissous;3;3;1388;133;0,9;Inf;> CMA;AM. 25/01/2010;DCE;BORNE_INF_EXCLUE;classe 4
Cadmium dissous;3;3;1388;133;1,5;Inf;> CMA;AM. 25/01/2010;DCE;BORNE_INF_EXCLUE;classe 5
Tétrachlorure de carbone;3;;1276;133;0;12;<NQE moyen;AM. 25/01/2010;DCE;BORNE_INF_EXCLUE;
Tétrachlorure de carbone;3;;1276;133;12;Inf;>NQE moyen;AM. 25/01/2010;DCE;BORNE_INF_EXCLUE;
Chloroalcanes C10-13;3;;1955;133;0;0,4;<NQE moyen;AM. 25/01/2010;DCE;BORNE_INF_EXCLUE;
Chloroalcanes C10-13;3;;1955;133;0,4;1,4;[NQE moyen - CMA[;AM. 25/01/2010;DCE;BORNE_INF_EXCLUE;
Chloroalcanes C10-13;3;;1955;133;1,4;Inf;> CMA;AM. 25/01/2010;DCE;BORNE_INF_EXCLUE;
Chlorfenvin-phos;3;;1464;133;0;0,1;<NQE moyen;AM. 25/01/2010;DCE;BORNE_INF_EXCLUE;
Chlorfenvin-phos;3;;1464;133;0,1;0,3;[NQE moyen - CMA[;AM. 25/01/2010;DCE;BORNE_INF_EXCLUE;
Chlorfenvin-phos;3;;1464;133;0,3;Inf;> CMA;AM. 25/01/2010;DCE;BORNE_INF_EXCLUE;
Chlorpyriphos-éthyl;3;;1083;133;0;0,03;<NQE moyen;AM. 25/01/2010;DCE;BORNE_INF_EXCLUE;
Chlorpyriphos-éthyl;3;;1083;133;0,03;0,1;[NQE moyen - CMA[;AM. 25/01/2010;DCE;BORNE_INF_EXCLUE;
Chlorpyriphos-éthyl;3;;1083;133;0,1;Inf;> CMA;AM. 25/01/2010;DCE;BORNE_INF_EXCLUE;
Pesticides cyclodiènes;3;;5534;133;0;0,01;<NQE moyen;AM. 25/01/2010;DCE;BORNE_INF_EXCLUE;
Pesticides cyclodiènes;3;;5534;133;0,01;Inf;>NQE moyen;AM. 25/01/2010;DCE;BORNE_INF_EXCLUE;
DDT total;3;;7146;133;0;0,025;<NQE moyen;AM. 25/01/2010;DCE;BORNE_INF_EXCLUE;
DDT total;3;;7146;133;0,025;Inf;>NQE moyen;AM. 25/01/2010;DCE;BORNE_INF_EXCLUE;
para-para-DDT;3;;1148;133;0;0,01;<NQE moyen;AM. 25/01/2010;DCE;BORNE_INF_EXCLUE;
para-para-DDT;3;;1148;133;0,01;Inf;>NQE moyen;AM. 25/01/2010;DCE;BORNE_INF_EXCLUE;
1,2-dichloroéthane;3;;1161;133;0;10;<NQE moyen;AM. 25/01/2010;DCE;BORNE_INF_EXCLUE;
1,2-dichloroéthane;3;;1161;133;10;Inf;>NQE moyen;AM. 25/01/2010;DCE;BORNE_INF_EXCLUE;
dichlorométhane;3;;1168;133;0;20;<NQE moyen;AM. 25/01/2010;DCE;BORNE_INF_EXCLUE;
dichlorométhane;3;;1168;133;20;Inf;>NQE moyen;AM. 25/01/2010;DCE;BORNE_INF_EXCLUE;
DEHP;3;;6616;133;0;1,3;<NQE moyen;AM. 25/01/2010;DCE;BORNE_INF_EXCLUE;
DEHP;3;;6616;133;1,3;Inf;>NQE moyen;AM. 25/01/2010;DCE;BORNE_INF_EXCLUE;
Diuron;3;;1177;133;0;0,2;<NQE moyen;AM. 25/01/2010;DCE;BORNE_INF_EXCLUE;
Diuron;3;;1177;133;0,2;1,8;[NQE moyen - CMA[;AM. 25/01/2010;DCE;BORNE_INF_EXCLUE;
Diuron;3;;1177;133;1,8;Inf;> CMA;AM. 25/01/2010;DCE;BORNE_INF_EXCLUE;
Endosulfan;3;;1743;133;0;0,005;<NQE moyen;AM. 25/01/2010;DCE;BORNE_INF_EXCLUE;
Endosulfan;3;;1743;133;0,005;0,01;[NQE moyen - CMA[;AM. 25/01/2010;DCE;BORNE_INF_EXCLUE;
Endosulfan;3;;1743;133;0,01;Inf;> CMA;AM. 25/01/2010;DCE;BORNE_INF_EXCLUE;
Fluoranthène;3;;1191;133;0;0,0063;<NQE moyen;AM. 25/01/2010;DCE;BORNE_INF_EXCLUE;
Fluoranthène;3;;1191;133;0,0063;0,12;[NQE moyen - CMA[;AM. 25/01/2010;DCE;BORNE_INF_EXCLUE;
Fluoranthène;3;;1191;133;0,12;Inf;> CMA;AM. 25/01/2010;DCE;BORNE_INF_EXCLUE;
Hexachlorobenzène;3;;1199;133;0;0,05;< CMA;AM. 25/01/2010;DCE;BORNE_INF_EXCLUE;
Hexachlorobenzène;3;;1199;133;0,05;Inf;> CMA;AM. 25/01/2010;DCE;BORNE_INF_EXCLUE;
Hexachlorobutadiène;3;;1652;133;0;0,6;< CMA;AM. 25/01/2010;DCE;BORNE_INF_EXCLUE;
Hexachlorobutadiène;3;;1652;133;0,6;Inf;> CMA;AM. 25/01/2010;DCE;BORNE_INF_EXCLUE;
Hexachlorocyclohexane;3;;5537;133;0;0,02;<NQE moyen;AM. 25/01/2010;DCE;BORNE_INF_EXCLUE;
Hexachlorocyclohexane;3;;5537;133;0,02;0,04;[NQE moyen - CMA[;AM. 25/01/2010;DCE;BORNE_INF_EXCLUE;
Hexachlorocyclohexane;3;;5537;133;0,04;Inf;> CMA;AM. 25/01/2010;DCE;BORNE_INF_EXCLUE;
Isoproturon;3;;1208;133;0;0,3;<NQE moyen;AM. 25/01/2010;DCE;BORNE_INF_EXCLUE;
Isoproturon;3;;1208;133;0,3;1;[NQE moyen - CMA[;AM. 25/01/2010;DCE;BORNE_INF_EXCLUE;
Isoproturon;3;;1208;133;1;Inf;> CMA;AM. 25/01/2010;DCE;BORNE_INF_EXCLUE;
Mercure dissous;3;3;1387;133;0;0,07;< CMA;AM. 25/01/2010;DCE;BORNE_INF_EXCLUE;
Mercure dissous;3;3;1387;133;0,07;Inf;> CMA;AM. 25/01/2010;DCE;BORNE_INF_EXCLUE;
Naphtalène;3;;1517;133;0;2;<NQE moyen;AM. 25/01/2010;DCE;BORNE_INF_EXCLUE;
Naphtalène;3;;1517;133;2;130;[NQE moyen - CMA[;AM. 25/01/2010;DCE;BORNE_INF_EXCLUE;
Naphtalène;3;;1517;133;130;Inf;> CMA;AM. 25/01/2010;DCE;BORNE_INF_EXCLUE;
Nonylphénols;3;;1958;133;0;0,3;<NQE moyen;AM. 25/01/2010;DCE;BORNE_INF_EXCLUE;
Nonylphénols;3;;1958;133;0,3;2;[NQE moyen - CMA[;AM. 25/01/2010;DCE;BORNE_INF_EXCLUE;
Nonylphénols;3;;1958;133;2;Inf;> CMA;AM. 25/01/2010;DCE;BORNE_INF_EXCLUE;
Octylphénols;3;;1959;133;0;0,1;<NQE moyen;AM. 25/01/2010;DCE;BORNE_INF_EXCLUE;
Octylphénols;3;;1959;133;0,1;Inf;>NQE moyen;AM. 25/01/2010;DCE;BORNE_INF_EXCLUE;
Pentachlorobenzène;3;;1888;133;0;0,007;<NQE moyen;AM. 25/01/2010;DCE;BORNE_INF_EXCLUE;
Pentachlorobenzène;3;;1888;133;0,007;Inf;>NQE moyen;AM. 25/01/2010;DCE;BORNE_INF_EXCLUE;
Pentachlorophénol;3;;1235;133;0;0,4;<NQE moyen;AM. 25/01/2010;DCE;BORNE_INF_EXCLUE;
Pentachlorophénol;3;;1235;133;0,4;1;[NQE moyen - CMA[;AM. 25/01/2010;DCE;BORNE_INF_EXCLUE;
Pentachlorophénol;3;;1235;133;1;Inf;> CMA;AM. 25/01/2010;DCE;BORNE_INF_EXCLUE;
Benzo(a)pyrène;3;;1115;133;0;0,00017;<NQE moyen;AM. 25/01/2010;DCE;BORNE_INF_EXCLUE;
Benzo(a)pyrène;3;;1115;133;0,00017;0,27;[NQE moyen - CMA[;AM. 25/01/2010;DCE;BORNE_INF_EXCLUE;
Benzo(a)pyrène;3;;1115;133;0,27;Inf;> CMA;AM. 25/01/2010;DCE;BORNE_INF_EXCLUE;
Benzo(b)fluoranthène;3;;1116;133;0;0,017;< CMA;AM. 25/01/2010;DCE;BORNE_INF_EXCLUE;
Benzo(b)fluoranthène;3;;1116;133;0,017;Inf;> CMA;AM. 25/01/2010;DCE;BORNE_INF_EXCLUE;
Benzo(k)fluoranthène;3;;1117;133;0;0,017;< CMA;AM. 25/01/2010;DCE;BORNE_INF_EXCLUE;
Benzo(k)fluoranthène;3;;1117;133;0,017;Inf;> CMA;AM. 25/01/2010;DCE;BORNE_INF_EXCLUE;
Benzo(g,h,i)pérylène;3;;1118;133;0;0,0082;< CMA;AM. 25/01/2010;DCE;BORNE_INF_EXCLUE;
Benzo(g,h,i)pérylène;3;;1118;133;0,0082;Inf;> CMA;AM. 25/01/2010;DCE;BORNE_INF_EXCLUE;
Simazine;3;;1263;133;0;1;<NQE moyen;AM. 25/01/2010;DCE;BORNE_INF_EXCLUE;
Simazine;3;;1263;133;1;4;[NQE moyen - CMA[;AM. 25/01/2010;DCE;BORNE_INF_EXCLUE;
Simazine;3;;1263;133;4;Inf;> CMA;AM. 25/01/2010;DCE;BORNE_INF_EXCLUE;
Tétrachloroéthylène;3;;1272;133;0;10;<NQE moyen;AM. 25/01/2010;DCE;BORNE_INF_EXCLUE;
Tétrachloroéthylène;3;;1272;133;10;Inf;>NQE moyen;AM. 25/01/2010;DCE;BORNE_INF_EXCLUE;
Trichloroéthylène;3;;1286;133;0;10;<NQE moyen;AM. 25/01/2010;DCE;BORNE_INF_EXCLUE;
Trichloroéthylène;3;;1286;133;10;Inf;>NQE moyen;AM. 25/01/2010;DCE;BORNE_INF_EXCLUE;
Tributylétain cation;3;;2879;133;0;0,0002;<NQE moyen;AM. 25/01/2010;DCE;BORNE_INF_EXCLUE;
Tributylétain cation;3;;2879;133;0,0002;0,0015;[NQE moyen - CMA[;AM. 25/01/2010;DCE;BORNE_INF_EXCLUE;
Tributylétain cation;3;;2879;133;0,0015;Inf;> CMA;AM. 25/01/2010;DCE;BORNE_INF_EXCLUE;
Trichlorobenzène;3;;1774;133;0;0,4;<NQE moyen;AM. 25/01/2010;DCE;BORNE_INF_EXCLUE;
Trichlorobenzène;3;;1774;133;0,4;Inf;>NQE moyen;AM. 25/01/2010;DCE;BORNE_INF_EXCLUE;
Trichlorométhane;3;;1135;133;0;2,5;<NQE moyen;AM. 25/01/2010;DCE;BORNE_INF_EXCLUE;
Trichlorométhane;3;;1135;133;2,5;Inf;>NQE moyen;AM. 25/01/2010;DCE;BORNE_INF_EXCLUE;
Trifluraline;3;;1289;133;0;0,03;<NQE moyen;AM. 25/01/2010;DCE;BORNE_INF_EXCLUE;
Trifluraline;3;;1289;133;0,03;Inf;>NQE moyen;AM. 25/01/2010;DCE;BORNE_INF_EXCLUE;
Dicofol;3;;1172;133;0;0,0013;<NQE moyen;AM. 25/01/2010;DCE;BORNE_INF_EXCLUE;
Dicofol;3;;1172;133;0,0013;Inf;>NQE moyen;AM. 25/01/2010;DCE;BORNE_INF_EXCLUE;
PFOS;3;;6561;133;0;0,00065;<NQE moyen;AM. 25/01/2010;DCE;BORNE_INF_EXCLUE;
PFOS;3;;6561;133;0,00065;36;[NQE moyen - CMA[;AM. 25/01/2010;DCE;BORNE_INF_EXCLUE;
PFOS;3;;6561;133;36;Inf;> CMA;AM. 25/01/2010;DCE;BORNE_INF_EXCLUE;
Quinoxyfène;3;;2028;133;0;0,15;<NQE moyen;AM. 25/01/2010;DCE;BORNE_INF_EXCLUE;
Quinoxyfène;3;;2028;133;0,15;2,7;[NQE moyen - CMA[;AM. 25/01/2010;DCE;BORNE_INF_EXCLUE;
Quinoxyfène;3;;2028;133;2,7;Inf;> CMA;AM. 25/01/2010;DCE;BORNE_INF_EXCLUE;
Aclonifène;3;;1688;133;0;0,12;<NQE moyen;AM. 25/01/2010;DCE;BORNE_INF_EXCLUE;
Aclonifène;3;;1688;133;0,12;Inf;> CMA;AM. 25/01/2010;DCE;BORNE_INF_EXCLUE;
Bifénox;3;;1119;133;0;0,012;<NQE moyen;AM. 25/01/2010;DCE;BORNE_INF_EXCLUE;
Bifénox;3;;1119;133;0,012;0,04;[NQE moyen - CMA[;AM. 25/01/2010;DCE;BORNE_INF_EXCLUE;
Bifénox;3;;1119;133;0,04;Inf;> CMA;AM. 25/01/2010;DCE;BORNE_INF_EXCLUE;
Cybutryne;3;;1935;133;0;0,0025;<NQE moyen;AM. 25/01/2010;DCE;BORNE_INF_EXCLUE;
Cybutryne;3;;1935;133;0,0025;0,016;[NQE moyen - CMA[;AM. 25/01/2010;DCE;BORNE_INF_EXCLUE;
Cybutryne;3;;1935;133;0,016;Inf;> CMA;AM. 25/01/2010;DCE;BORNE_INF_EXCLUE;
Cyperméthrine;3;;1140;133;0;0,00008;<NQE moyen;AM. 25/01/2010;DCE;BORNE_INF_EXCLUE;
Cyperméthrine;3;;1140;133;0,00008;0,0006;[NQE moyen - CMA[;AM. 25/01/2010;DCE;BORNE_INF_EXCLUE;
Cyperméthrine;3;;1140;133;0,0006;Inf;> CMA;AM. 25/01/2010;DCE;BORNE_INF_EXCLUE;
Dichlorvos;3;;1170;133;0;0,0006;<NQE moyen;AM. 25/01/2010;DCE;BORNE_INF_EXCLUE;
Dichlorvos;3;;1170;133;0,0006;0,0007;[NQE moyen - CMA[;AM. 25/01/2010;DCE;BORNE_INF_EXCLUE;
Dichlorvos;3;;1170;133;0,0007;Inf;> CMA;AM. 25/01/2010;DCE;BORNE_INF_EXCLUE;
HBCDD;3;;7128;133;0;0,0016;<NQE moyen;AM. 25/01/2010;DCE;BORNE_INF_EXCLUE;
HBCDD;3;;7128;133;0,0016;0,5;[NQE moyen - CMA[;AM. 25/01/2010;DCE;BORNE_INF_EXCLUE;
HBCDD;3;;7128;133;0,5;Inf;> CMA;AM. 25/01/2010;DCE;BORNE_INF_EXCLUE;
Heptachlore et époxyde d'heptachlore;3;;7706;133;0;0,0000002;<NQE moyen;AM. 25/01/2010;DCE;BORNE_INF_EXCLUE;
Heptachlore et époxyde d'heptachlore;3;;7706;133;0,0000002;0,0003;[NQE moyen - CMA[;AM. 25/01/2010;DCE;BORNE_INF_EXCLUE;
Heptachlore et époxyde d'heptachlore;3;;7706;133;0,0003;Inf;> CMA;AM. 25/01/2010;DCE;BORNE_INF_EXCLUE;
Terbutryne;3;;1269;133;0;0,065;<NQE moyen;AM. 25/01/2010;DCE;BORNE_INF_EXCLUE;
Terbutryne;3;;1269;133;0,065;0,34;[NQE moyen - CMA[;AM. 25/01/2010;DCE;BORNE_INF_EXCLUE;
Terbutryne;3;;1269;133;0,34;Inf;> CMA;AM. 25/01/2010;DCE;BORNE_INF_EXCLUE;
IBGN;;;5910;X;0;5;MAUVAIS;AM. 25/01/2010;DCE;BORNE_INF_EXCLUE;TP9-A
IBGN;;;5910;X;5;9;MEDIOCRE;AM. 25/01/2010;DCE;BORNE_INF_EXCLUE;TP9-A
IBGN;;;5910;X;9;12;MOYEN;AM. 25/01/2010;DCE;BORNE_INF_EXCLUE;TP9-A
IBGN;;;5910;X;12;14;BON;AM. 25/01/2010;DCE;BORNE_INF_EXCLUE;TP9-A
IBGN;;;5910;X;14;20;TRES BON;AM. 25/01/2010;DCE;BORNE_INF_EXCLUE;TP9-A
IBGN;;;5910;X;0;5;MAUVAIS;AM. 25/01/2010;DCE;BORNE_INF_EXCLUE;P9-A
IBGN;;;5910;X;5;9;MEDIOCRE;AM. 25/01/2010;DCE;BORNE_INF_EXCLUE;P9-A
IBGN;;;5910;X;9;12;MOYEN;AM. 25/01/2010;DCE;BORNE_INF_EXCLUE;P9-A
IBGN;;;5910;X;12;14;BON;AM. 25/01/2010;DCE;BORNE_INF_EXCLUE;P9-A
IBGN;;;5910;X;14;20;TRES BON;AM. 25/01/2010;DCE;BORNE_INF_EXCLUE;P9-A
IBGN;;;5910;X;0;5;MAUVAIS;AM. 25/01/2010;DCE;BORNE_INF_EXCLUE;M9-A
IBGN;;;5910;X;5;9;MEDIOCRE;AM. 25/01/2010;DCE;BORNE_INF_EXCLUE;M9-A
IBGN;;;5910;X;9;12;MOYEN;AM. 25/01/2010;DCE;BORNE_INF_EXCLUE;M9-A
IBGN;;;5910;X;12;14;BON;AM. 25/01/2010;DCE;BORNE_INF_EXCLUE;M9-A
IBGN;;;5910;X;14;20;TRES BON;AM. 25/01/2010;DCE;BORNE_INF_EXCLUE;M9-A
NO3;3;;1340;162;0;12;<12 mg NO3/L;OSPAR;OSPAR;BORNE_INF_EXCLUE;
NO3;3;;1340;162;12;18;]12 - 18] mg NO3/L;OSPAR;OSPAR;BORNE_INF_EXCLUE;
NO3;3;;1340;162;18;50;]18 - 50] mg NO3/L;OSPAR;OSPAR;BORNE_INF_EXCLUE;
NO3;3;;1340;162;50;Inf;>50 mg NO3/L;OSPAR;OSPAR;BORNE_INF_EXCLUE;
I2M2;;;7613;X;0,665;1;TRES BON;AM. 25/01/2010;DCE;BORNE_INF_EXCLUE;9
I2M2;;;7613;X;0,443;0,665;BON;AM. 25/01/2010;DCE;BORNE_INF_EXCLUE;9
I2M2;;;7613;X;0,295;0,443;MOYEN;AM. 25/01/2010;DCE;BORNE_INF_EXCLUE;9
I2M2;;;7613;X;0,148;0,295;MEDIOCRE;AM. 25/01/2010;DCE;BORNE_INF_EXCLUE;9
I2M2;;;7613;X;0;0,148;MAUVAIS;AM. 25/01/2010;DCE;BORNE_INF_EXCLUE;9
I2M2;;;7613;X;0,665;1;TRES BON;AM. 25/01/2010;DCE;BORNE_INF_EXCLUE;9A
I2M2;;;7613;X;0,443;0,665;BON;AM. 25/01/2010;DCE;BORNE_INF_EXCLUE;9A
I2M2;;;7613;X;0,295;0,443;MOYEN;AM. 25/01/2010;DCE;BORNE_INF_EXCLUE;9A
I2M2;;;7613;X;0,148;0,295;MEDIOCRE;AM. 25/01/2010;DCE;BORNE_INF_EXCLUE;9A
I2M2;;;7613;X;0;0,148;MAUVAIS;AM. 25/01/2010;DCE;BORNE_INF_EXCLUE;9A
ASPT (I2M2);;;8057;X;0,706;1;Top 20%;DISTRIBUTION;NON_DCE;BORNE_INF_EXCLUE;9
ASPT (I2M2);;;8057;X;0,562;0,706;21-40%;DISTRIBUTION;NON_DCE;BORNE_INF_EXCLUE;9
ASPT (I2M2);;;8057;X;0,436;0,562;41-60%;DISTRIBUTION;NON_DCE;BORNE_INF_EXCLUE;9
ASPT (I2M2);;;8057;X;0,189;0,436;61-80%;DISTRIBUTION;NON_DCE;BORNE_INF_EXCLUE;9
ASPT (I2M2);;;8057;X;0;0,189;Pire 20%;DISTRIBUTION;NON_DCE;BORNE_INF_EXCLUE;9
Ovovivip. (I2M2);;;8055;X;0,725;1;Top 20%;DISTRIBUTION;NON_DCE;BORNE_INF_EXCLUE;9
Ovovivip. (I2M2);;;8055;X;0,539;0,725;21-40%;DISTRIBUTION;NON_DCE;BORNE_INF_EXCLUE;9
Ovovivip. (I2M2);;;8055;X;0,379;0,539;41-60%;DISTRIBUTION;NON_DCE;BORNE_INF_EXCLUE;9
Ovovivip. (I2M2);;;8055;X;0,173;0,379;61-80%;DISTRIBUTION;NON_DCE;BORNE_INF_EXCLUE;9
Ovovivip. (I2M2);;;8055;X;0;0,173;Pire 20%;DISTRIBUTION;NON_DCE;BORNE_INF_EXCLUE;9
Polyvoltin. (I2M2);;;8056;X;0,704;1;Top 20%;DISTRIBUTION;NON_DCE;BORNE_INF_EXCLUE;9
Polyvoltin. (I2M2);;;8056;X;0,545;0,704;21-40%;DISTRIBUTION;NON_DCE;BORNE_INF_EXCLUE;9
Polyvoltin. (I2M2);;;8056;X;0,394;0,545;41-60%;DISTRIBUTION;NON_DCE;BORNE_INF_EXCLUE;9
Polyvoltin. (I2M2);;;8056;X;0,221;0,394;61-80%;DISTRIBUTION;NON_DCE;BORNE_INF_EXCLUE;9
Polyvoltin. (I2M2);;;8056;X;0;0,221;Pire 20%;DISTRIBUTION;NON_DCE;BORNE_INF_EXCLUE;9
Shannon (I2M2);;;8058;X;0,726;1;Top 20%;DISTRIBUTION;NON_DCE;BORNE_INF_EXCLUE;9
Shannon (I2M2);;;8058;X;0,581;0,726;21-40%;DISTRIBUTION;NON_DCE;BORNE_INF_EXCLUE;9
Shannon (I2M2);;;8058;X;0,444;0,581;41-60%;DISTRIBUTION;NON_DCE;BORNE_INF_EXCLUE;9
Shannon (I2M2);;;8058;X;0,29;0,444;61-80%;DISTRIBUTION;NON_DCE;BORNE_INF_EXCLUE;9
Shannon (I2M2);;;8058;X;0;0,29;Pire 20%;DISTRIBUTION;NON_DCE;BORNE_INF_EXCLUE;9
Rich. Tax. (I2M2);;;8054;X;0,721;1;Top 20%;DISTRIBUTION;NON_DCE;BORNE_INF_EXCLUE;9
Rich. Tax. (I2M2);;;8054;X;0,558;0,721;21-40%;DISTRIBUTION;NON_DCE;BORNE_INF_EXCLUE;9
Rich. Tax. (I2M2);;;8054;X;0,442;0,558;41-60%;DISTRIBUTION;NON_DCE;BORNE_INF_EXCLUE;9
Rich. Tax. (I2M2);;;8054;X;0,295;0,442;61-80%;DISTRIBUTION;NON_DCE;BORNE_INF_EXCLUE;9
Rich. Tax. (I2M2);;;8054;X;0;0,295;Pire 20%;DISTRIBUTION;NON_DCE;BORNE_INF_EXCLUE;9
ASPT (I2M2);;;8057;X;0,706;1;Top 20%;DISTRIBUTION;NON_DCE;BORNE_INF_EXCLUE;9A
ASPT (I2M2);;;8057;X;0,562;0,706;21-40%;DISTRIBUTION;NON_DCE;BORNE_INF_EXCLUE;9A
ASPT (I2M2);;;8057;X;0,436;0,562;41-60%;DISTRIBUTION;NON_DCE;BORNE_INF_EXCLUE;9A
ASPT (I2M2);;;8057;X;0,189;0,436;61-80%;DISTRIBUTION;NON_DCE;BORNE_INF_EXCLUE;9A
ASPT (I2M2);;;8057;X;0;0,189;Pire 20%;DISTRIBUTION;NON_DCE;BORNE_INF_EXCLUE;9A
Ovovivip. (I2M2);;;8055;X;0,725;1;Top 20%;DISTRIBUTION;NON_DCE;BORNE_INF_EXCLUE;9A
Ovovivip. (I2M2);;;8055;X;0,539;0,725;21-40%;DISTRIBUTION;NON_DCE;BORNE_INF_EXCLUE;9A
Ovovivip. (I2M2);;;8055;X;0,379;0,539;41-60%;DISTRIBUTION;NON_DCE;BORNE_INF_EXCLUE;9A
Ovovivip. (I2M2);;;8055;X;0,173;0,379;61-80%;DISTRIBUTION;NON_DCE;BORNE_INF_EXCLUE;9A
Ovovivip. (I2M2);;;8055;X;0;0,173;Pire 20%;DISTRIBUTION;NON_DCE;BORNE_INF_EXCLUE;9A
Polyvoltin. (I2M2);;;8056;X;0,704;1;Top 20%;DISTRIBUTION;NON_DCE;BORNE_INF_EXCLUE;9A
Polyvoltin. (I2M2);;;8056;X;0,545;0,704;21-40%;DISTRIBUTION;NON_DCE;BORNE_INF_EXCLUE;9A
Polyvoltin. (I2M2);;;8056;X;0,394;0,545;41-60%;DISTRIBUTION;NON_DCE;BORNE_INF_EXCLUE;9A
Polyvoltin. (I2M2);;;8056;X;0,221;0,394;61-80%;DISTRIBUTION;NON_DCE;BORNE_INF_EXCLUE;9A
Polyvoltin. (I2M2);;;8056;X;0;0,221;Pire 20%;DISTRIBUTION;NON_DCE;BORNE_INF_EXCLUE;9A
Shannon (I2M2);;;8058;X;0,726;1;Top 20%;DISTRIBUTION;NON_DCE;BORNE_INF_EXCLUE;9A
Shannon (I2M2);;;8058;X;0,581;0,726;21-40%;DISTRIBUTION;NON_DCE;BORNE_INF_EXCLUE;9A
Shannon (I2M2);;;8058;X;0,444;0,581;41-60%;DISTRIBUTION;NON_DCE;BORNE_INF_EXCLUE;9A
Shannon (I2M2);;;8058;X;0,29;0,444;61-80%;DISTRIBUTION;NON_DCE;BORNE_INF_EXCLUE;9A
Shannon (I2M2);;;8058;X;0;0,29;Pire 20%;DISTRIBUTION;NON_DCE;BORNE_INF_EXCLUE;9A
Rich. Tax. (I2M2);;;8054;X;0,721;1;Top 20%;DISTRIBUTION;NON_DCE;BORNE_INF_EXCLUE;9A
Rich. Tax. (I2M2);;;8054;X;0,558;0,721;21-40%;DISTRIBUTION;NON_DCE;BORNE_INF_EXCLUE;9A
Rich. Tax. (I2M2);;;8054;X;0,442;0,558;41-60%;DISTRIBUTION;NON_DCE;BORNE_INF_EXCLUE;9A
Rich. Tax. (I2M2);;;8054;X;0,295;0,442;61-80%;DISTRIBUTION;NON_DCE;BORNE_INF_EXCLUE;9A
Rich. Tax. (I2M2);;;8054;X;0;0,295;Pire 20%;DISTRIBUTION;NON_DCE;BORNE_INF_EXCLUE;9A
IBGN;;;5910;X;0;6;MAUVAIS;AM. 25/01/2010 avant 2018;NON_DCE;BORNE_INF_EXCLUE;TP9
IBGN;;;5910;X;6;10;MEDIOCRE;AM. 25/01/2010 avant 2018;NON_DCE;BORNE_INF_EXCLUE;TP9
IBGN;;;5910;X;10;14;MOYEN;AM. 25/01/2010 avant 2018;NON_DCE;BORNE_INF_EXCLUE;TP9
IBGN;;;5910;X;14;16;BON;AM. 25/01/2010 avant 2018;NON_DCE;BORNE_INF_EXCLUE;TP9
IBGN;;;5910;X;16;20;TRES BON;AM. 25/01/2010 avant 2018;NON_DCE;BORNE_INF_EXCLUE;TP9
IBGN;;;5910;X;0;6;MAUVAIS;AM. 25/01/2010 avant 2018;NON_DCE;BORNE_INF_EXCLUE;P9
IBGN;;;5910;X;6;10;MEDIOCRE;AM. 25/01/2010 avant 2018;NON_DCE;BORNE_INF_EXCLUE;P9
IBGN;;;5910;X;10;14;MOYEN;AM. 25/01/2010 avant 2018;NON_DCE;BORNE_INF_EXCLUE;P9
IBGN;;;5910;X;14;16;BON;AM. 25/01/2010 avant 2018;NON_DCE;BORNE_INF_EXCLUE;P9
IBGN;;;5910;X;16;20;TRES BON;AM. 25/01/2010 avant 2018;NON_DCE;BORNE_INF_EXCLUE;P9
IBGN;;;5910;X;0;5;MAUVAIS;AM. 25/01/2010;NON_DCE;BORNE_INF_EXCLUE;M9
IBGN;;;5910;X;5;9;MEDIOCRE;AM. 25/01/2010;NON_DCE;BORNE_INF_EXCLUE;M9
IBGN;;;5910;X;9;12;MOYEN;AM. 25/01/2010;NON_DCE;BORNE_INF_EXCLUE;M9
IBGN;;;5910;X;12;14;BON;AM. 25/01/2010;NON_DCE;BORNE_INF_EXCLUE;M9
IBGN;;;5910;X;14;20;TRES BON;AM. 25/01/2010;NON_DCE;BORNE_INF_EXCLUE;M9
IBGN;;;5910;X;0;5;MAUVAIS;AM. 25/01/2010;NON_DCE;BORNE_INF_EXCLUE;G9
IBGN;;;5910;X;5;9;MEDIOCRE;AM. 25/01/2010;NON_DCE;BORNE_INF_EXCLUE;G9
IBGN;;;5910;X;9;12;MOYEN;AM. 25/01/2010;NON_DCE;BORNE_INF_EXCLUE;G9
IBGN;;;5910;X;12;14;BON;AM. 25/01/2010;NON_DCE;BORNE_INF_EXCLUE;G9
IBGN;;;5910;X;14;20;TRES BON;AM. 25/01/2010;NON_DCE;BORNE_INF_EXCLUE;G9
Var. taxo. (IBGN);;;6034;X;40;70;Top 20%;DISTRIBUTION;NON_DCE;BORNE_INF_EXCLUE;
Var. taxo. (IBGN);;;6034;X;35;40;21-40%;DISTRIBUTION;NON_DCE;BORNE_INF_EXCLUE;
Var. taxo. (IBGN);;;6034;X;32;35;41-60%;DISTRIBUTION;NON_DCE;BORNE_INF_EXCLUE;
Var. taxo. (IBGN);;;6034;X;28;32;61-80%;DISTRIBUTION;NON_DCE;BORNE_INF_EXCLUE;
Var. taxo. (IBGN);;;6034;X;0;28;Pire 20%;DISTRIBUTION;NON_DCE;BORNE_INF_EXCLUE;
GFI (IBGN);;;6035;X;8;9;Top 20%;DISTRIBUTION;NON_DCE;BORNE_INF_EXCLUE;
GFI (IBGN);;;6035;X;7;8;21-40%;DISTRIBUTION;NON_DCE;BORNE_INF_EXCLUE;
GFI (IBGN);;;6035;X;6;7;41-60%;DISTRIBUTION;NON_DCE;BORNE_INF_EXCLUE;
GFI (IBGN);;;6035;X;5;6;61-80%;DISTRIBUTION;NON_DCE;BORNE_INF_EXCLUE;
GFI (IBGN);;;6035;X;0;5;Pire 20%;DISTRIBUTION;NON_DCE;BORNE_INF_EXCLUE;
IBD;;;5856;X;0,94;1;TRES BON;AM. 25/01/2010;DCE;BORNE_INF_EXCLUE;<10000 km2
IBD;;;5856;X;0,78;0,94;BON;AM. 25/01/2010;DCE;BORNE_INF_EXCLUE;<10000 km2
IBD;;;5856;X;0,55;0,78;MOYEN;AM. 25/01/2010;DCE;BORNE_INF_EXCLUE;<10000 km2
IBD;;;5856;X;0,3;0,55;MEDIOCRE;AM. 25/01/2010;DCE;BORNE_INF_EXCLUE;<10000 km2
IBD;;;5856;X;0;0,3;MAUVAIS;AM. 25/01/2010;DCE;BORNE_INF_EXCLUE;<10000 km2
IBD;;;5856;X;0,92;1;TRES BON;AM. 25/01/2010;DCE;BORNE_INF_EXCLUE;>=10000 km2
IBD;;;5856;X;0,76;0,92;BON;AM. 25/01/2010;DCE;BORNE_INF_EXCLUE;>=10000 km2
IBD;;;5856;X;0,52;0,76;MOYEN;AM. 25/01/2010;DCE;BORNE_INF_EXCLUE;>=10000 km2
IBD;;;5856;X;0,26;0,52;MEDIOCRE;AM. 25/01/2010;DCE;BORNE_INF_EXCLUE;>=10000 km2
IBD;;;5856;X;0;0,26;MAUVAIS;AM. 25/01/2010;DCE;BORNE_INF_EXCLUE;>=10000 km2
IBMR;;;2928;X;0,92;1;TRES BON;AM. 25/01/2010;DCE;BORNE_INF_EXCLUE;
IBMR;;;2928;X;0,77;0,92;BON;AM. 25/01/2010;DCE;BORNE_INF_EXCLUE;
IBMR;;;2928;X;0,64;0,77;MOYEN;AM. 25/01/2010;DCE;BORNE_INF_EXCLUE;
IBMR;;;2928;X;0,51;0,64;MEDIOCRE;AM. 25/01/2010;DCE;BORNE_INF_EXCLUE;
IBMR;;;2928;X;0;0,51;MAUVAIS;AM. 25/01/2010;DCE;BORNE_INF_EXCLUE;
Score Nb Tot Sp. (NTE);;;7644;;0;0,57;Top 20%;DISTRIBUTION;NON_DCE;BORNE_INF_INCLUE;
Score Nb Tot Sp. (NTE);;;7644;;0,57;1,53;21-40%;DISTRIBUTION;NON_DCE;BORNE_INF_INCLUE;
Score Nb Tot Sp. (NTE);;;7644;;1,53;2,38;41-60%;DISTRIBUTION;NON_DCE;BORNE_INF_INCLUE;
Score Nb Tot Sp. (NTE);;;7644;;2,38;4,2;61-80%;DISTRIBUTION;NON_DCE;BORNE_INF_INCLUE;
Score Nb Tot Sp. (NTE);;;7644;;4,2;30;Pire 20%;DISTRIBUTION;NON_DCE;BORNE_INF_INCLUE;
Score Nb lithophiles (NEL);;;7743;;0;0,3;Top 20%;DISTRIBUTION;NON_DCE;BORNE_INF_INCLUE;
Score Nb lithophiles (NEL);;;7743;;0,3;0,78;21-40%;DISTRIBUTION;NON_DCE;BORNE_INF_INCLUE;
Score Nb lithophiles (NEL);;;7743;;0,78;1,52;41-60%;DISTRIBUTION;NON_DCE;BORNE_INF_INCLUE;
Score Nb lithophiles (NEL);;;7743;;1,52;3,62;61-80%;DISTRIBUTION;NON_DCE;BORNE_INF_INCLUE;
Score Nb lithophiles (NEL);;;7743;;3,62;12;Pire 20%;DISTRIBUTION;NON_DCE;BORNE_INF_INCLUE;
Score Nb rhéophiles (NER);;;7744;;0;0,4;Top 20%;DISTRIBUTION;NON_DCE;BORNE_INF_INCLUE;
Score Nb rhéophiles (NER);;;7744;;0,4;0,88;21-40%;DISTRIBUTION;NON_DCE;BORNE_INF_INCLUE;
Score Nb rhéophiles (NER);;;7744;;0,88;1,31;41-60%;DISTRIBUTION;NON_DCE;BORNE_INF_INCLUE;
Score Nb rhéophiles (NER);;;7744;;1,31;3,17;61-80%;DISTRIBUTION;NON_DCE;BORNE_INF_INCLUE;
Score Nb rhéophiles (NER);;;7744;;3,17;16;Pire 20%;DISTRIBUTION;NON_DCE;BORNE_INF_INCLUE;
Densité Indiv. Invertivores (DII);;;7745;;0;0,12;Top 20%;DISTRIBUTION;NON_DCE;BORNE_INF_INCLUE;
Densité Indiv. Invertivores (DII);;;7745;;0,12;0,37;21-40%;DISTRIBUTION;NON_DCE;BORNE_INF_INCLUE;
Densité Indiv. Invertivores (DII);;;7745;;0,37;0,75;41-60%;DISTRIBUTION;NON_DCE;BORNE_INF_INCLUE;
Densité Indiv. Invertivores (DII);;;7745;;0,75;1,56;61-80%;DISTRIBUTION;NON_DCE;BORNE_INF_INCLUE;
Densité Indiv. Invertivores (DII);;;7745;;1,56;17;Pire 20%;DISTRIBUTION;NON_DCE;BORNE_INF_INCLUE;
Densité Indiv. omnivores (DIO);;;7746;;0;0,57;Top 20%;DISTRIBUTION;NON_DCE;BORNE_INF_INCLUE;
Densité Indiv. omnivores (DIO);;;7746;;0,57;1,11;21-40%;DISTRIBUTION;NON_DCE;BORNE_INF_INCLUE;
Densité Indiv. omnivores (DIO);;;7746;;1,11;1,95;41-60%;DISTRIBUTION;NON_DCE;BORNE_INF_INCLUE;
Densité Indiv. omnivores (DIO);;;7746;;1,95;3,96;61-80%;DISTRIBUTION;NON_DCE;BORNE_INF_INCLUE;
Densité Indiv. omnivores (DIO);;;7746;;3,96;18;Pire 20%;DISTRIBUTION;NON_DCE;BORNE_INF_INCLUE;
Densité Indiv. Tolérants (DIT);;;7786;;0;0,22;Top 20%;DISTRIBUTION;NON_DCE;BORNE_INF_INCLUE;
Densité Indiv. Tolérants (DIT);;;7786;;0,22;0,67;21-40%;DISTRIBUTION;NON_DCE;BORNE_INF_INCLUE;
Densité Indiv. Tolérants (DIT);;;7786;;0,67;1,45;41-60%;DISTRIBUTION;NON_DCE;BORNE_INF_INCLUE;
Densité Indiv. Tolérants (DIT);;;7786;;1,45;2,5;61-80%;DISTRIBUTION;NON_DCE;BORNE_INF_INCLUE;
Densité Indiv. Tolérants (DIT);;;7786;;2,5;10;Pire 20%;DISTRIBUTION;NON_DCE;BORNE_INF_INCLUE;
IPR;;;7036;;0;5;TRES BON;AM. 25/01/2010;DCE;BORNE_INF_INCLUE;<500m
IPR;;;7036;;5;16;BON;AM. 25/01/2010;DCE;BORNE_INF_INCLUE;<500m
IPR;;;7036;;16;25;MOYEN;AM. 25/01/2010;DCE;BORNE_INF_INCLUE;<500m
IPR;;;7036;;25;36;MEDIOCRE;AM. 25/01/2010;DCE;BORNE_INF_INCLUE;<500m
IPR;;;7036;;36;150;MAUVAIS;AM. 25/01/2010;DCE;BORNE_INF_INCLUE;<500m
IPR;;;7036;;0;5;TRES BON;AM. 25/01/2010;DCE;BORNE_INF_INCLUE;>=500m
IPR;;;7036;;5;16;BON;AM. 25/01/2010;DCE;BORNE_INF_INCLUE;>=500m
IPR;;;7036;;16;25;MOYEN;AM. 25/01/2010;DCE;BORNE_INF_INCLUE;>=500m
IPR;;;7036;;25;36;MEDIOCRE;AM. 25/01/2010;DCE;BORNE_INF_INCLUE;>=500m
IPR;;;7036;;36;150;MAUVAIS;AM. 25/01/2010;DCE;BORNE_INF_INCLUE;>=500m
Densité totale d'individus (DTI);;;7787;;0;0,67;Top 20%;DISTRIBUTION;NON_DCE;BORNE_INF_INCLUE;
Densité totale d'individus (DTI);;;7787;;0,67;1,34;21-40%;DISTRIBUTION;NON_DCE;BORNE_INF_INCLUE;
Densité totale d'individus (DTI);;;7787;;1,34;2,35;41-60%;DISTRIBUTION;NON_DCE;BORNE_INF_INCLUE;
Densité totale d'individus (DTI);;;7787;;2,35;3,08;61-80%;DISTRIBUTION;NON_DCE;BORNE_INF_INCLUE;
Densité totale d'individus (DTI);;;7787;;3,08;14;Pire 20%;DISTRIBUTION;NON_DCE;BORNE_INF_INCLUE;
Formaldéhyde (Formol);3;;1702;133;0;10;<VGE;INERIS 2011;NON_DCE;BORNE_INF_INCLUE;
Formaldéhyde (Formol);3;;1702;133;10;Inf;>VGE;INERIS 2011;NON_DCE;BORNE_INF_INCLUE;
Cyprodinil;3;;1359;133;0;0,026;<NQE moyen;AM. 25/01/2010;NON_DCE;BORNE_INF_EXCLUE;
Cyprodinil;3;;1359;133;0,026;0,3;[NQE moyen - CMA[;INERIS 2011;NON_DCE;BORNE_INF_EXCLUE;
Cyprodinil;3;;1359;133;0,3;Inf;> CMA;INERIS 2011;NON_DCE;BORNE_INF_EXCLUE;
Iprodione;3;;1206;133;0;0,35;<NQE moyen;AM. 25/01/2010;NON_DCE;BORNE_INF_EXCLUE;
Iprodione;3;;1206;133;0,35;2,26;[NQE moyen - CMA[;INERIS 2015;NON_DCE;BORNE_INF_EXCLUE;
Iprodione;3;;1206;133;2,26;Inf;> CMA;INERIS 2015;NON_DCE;BORNE_INF_EXCLUE;
Azoxystrobine;3;;1951;133;0;0,95;<NQE moyen;AM. 25/01/2010;NON_DCE;BORNE_INF_EXCLUE;
Azoxystrobine;3;;1951;133;0,95;0,95;[NQE moyen - CMA[;INERIS 2011;NON_DCE;BORNE_INF_EXCLUE;
Azoxystrobine;3;;1951;133;0,95;Inf;> CMA;INERIS 2011;NON_DCE;BORNE_INF_EXCLUE;
Toluène;3;;1278;133;0;74;<NQE moyen;AM. 25/01/2010;NON_DCE;BORNE_INF_EXCLUE;
Toluène;3;;1278;133;74;Inf;>NQE moyen;AM. 25/01/2010;NON_DCE;BORNE_INF_EXCLUE;
Phosphate de tributyle;3;;1847;133;0;82;<NQE moyen;AM. 25/01/2010;NON_DCE;BORNE_INF_EXCLUE;
Phosphate de tributyle;3;;1847;133;82;82;[NQE moyen - CMA[;INERIS 2013;NON_DCE;BORNE_INF_EXCLUE;
Phosphate de tributyle;3;;1847;133;82;Inf;> CMA;INERIS 2013;NON_DCE;BORNE_INF_EXCLUE;
Tebuconazole;3;;1694;133;0;1;<NQE moyen;AM. 25/01/2010;NON_DCE;BORNE_INF_EXCLUE;
Tebuconazole;3;;1694;133;1;Inf;>NQE moyen;AM. 25/01/2010;NON_DCE;BORNE_INF_EXCLUE;
Thiabendazole;3;;1713;133;0;1,2;<NQE moyen;AM. 25/01/2010;NON_DCE;BORNE_INF_EXCLUE;
Thiabendazole;3;;1713;133;1,2;Inf;>NQE moyen;AM. 25/01/2010;NON_DCE;BORNE_INF_EXCLUE;
Pendiméthaline;3;;1234;133;0;0,02;<NQE moyen;AM. 25/01/2010;NON_DCE;BORNE_INF_EXCLUE;
Pendiméthaline;3;;1234;133;0,02;0,5;[NQE moyen - CMA[;INERIS 2015;NON_DCE;BORNE_INF_EXCLUE;
Pendiméthaline;3;;1234;133;0,5;Inf;> CMA;INERIS 2015;NON_DCE;BORNE_INF_EXCLUE;
Ethylbenzène;3;;1497;133;0;65;<VGE;INERIS 2009;NON_DCE;BORNE_INF_EXCLUE;
Ethylbenzène;3;;1497;133;65;Inf;>VGE;INERIS 2009;NON_DCE;BORNE_INF_EXCLUE;
Arsenic;6;32 |144;1369;160;0;30;<seuil S1;Arrêté du 9 août 2006;SEDIMENTS;BORNE_INF_EXCLUE;
Arsenic;6;32 |144;1369;160;30;Inf;>seuil S1;Arrêté du 9 août 2006;SEDIMENTS;BORNE_INF_EXCLUE;
Cadmium;6;32 |144;1388;160;0;2;<seuil S1;Arrêté du 9 août 2006;SEDIMENTS;BORNE_INF_EXCLUE;
Cadmium;6;32 |144;1388;160;2;Inf;>seuil S1;Arrêté du 9 août 2006;SEDIMENTS;BORNE_INF_EXCLUE;
Chrome;6;32 |144;1389;160;0;150;<seuil S1;Arrêté du 9 août 2006;SEDIMENTS;BORNE_INF_EXCLUE;
Chrome;6;32 |144;1389;160;150;Inf;>seuil S1;Arrêté du 9 août 2006;SEDIMENTS;BORNE_INF_EXCLUE;
Cuivre;6;32 |144;1392;160;0;100;<seuil S1;Arrêté du 9 août 2006;SEDIMENTS;BORNE_INF_EXCLUE;
Cuivre;6;32 |144;1392;160;100;Inf;>seuil S1;Arrêté du 9 août 2006;SEDIMENTS;BORNE_INF_EXCLUE;
Mercure;6;32 |144;1387;160;0;1;<seuil S1;Arrêté du 9 août 2006;SEDIMENTS;BORNE_INF_EXCLUE;
Mercure;6;32 |144;1387;160;1;Inf;>seuil S1;Arrêté du 9 août 2006;SEDIMENTS;BORNE_INF_EXCLUE;
Nickel;6;32 |144;1386;160;0;50;<seuil S1;Arrêté du 9 août 2006;SEDIMENTS;BORNE_INF_EXCLUE;
Nickel;6;32 |144;1386;160;50;Inf;>seuil S1;Arrêté du 9 août 2006;SEDIMENTS;BORNE_INF_EXCLUE;
Plomb;6;32 |144;1382;160;0;100;<seuil S1;Arrêté du 9 août 2006;SEDIMENTS;BORNE_INF_EXCLUE;
Plomb;6;32 |144;1382;160;100;Inf;>seuil S1;Arrêté du 9 août 2006;SEDIMENTS;BORNE_INF_EXCLUE;
Zinc;6;32 |144;1383;160;0;300;<seuil S1;Arrêté du 9 août 2006;SEDIMENTS;BORNE_INF_EXCLUE;
Zinc;6;32 |144;1383;160;300;Inf;>seuil S1;Arrêté du 9 août 2006;SEDIMENTS;BORNE_INF_EXCLUE;
N-Nitrosomorpholine;3;;6175;133;0;0,1;AEP OK;ANSES;NON_DCE;BORNE_INF_EXCLUE;
N-Nitrosomorpholine;3;;6175;133;0,1;Inf;Restrictions AEP;ANSES;NON_DCE;BORNE_INF_EXCLUE;
Metolachlore (total);3;;1221;133;0;0,1;<seuil eau distribuée;AM 11/01/07;AEP;BORNE_INF_EXCLUE;
Metolachlore (total);3;;1221;133;0,1;2;>seuil eau distribuée et <seuil potabilisation;AM 11/01/07;AEP;BORNE_INF_EXCLUE;
Metolachlore (total);3;;1221;133;2;Inf;>seuil potabilisation;AM 11/01/07;AEP;BORNE_INF_EXCLUE;
S-Métolachlore;3;;2974;133;0;0,1;<seuil eau distribuée;AM 11/01/07;AEP;BORNE_INF_EXCLUE;
S-Métolachlore;3;;2974;133;0,1;2;>seuil eau distribuée et <seuil potabilisation;AM 11/01/07;AEP;BORNE_INF_EXCLUE;
S-Métolachlore;3;;2974;133;2;Inf;>seuil potabilisation;AM 11/01/07;AEP;BORNE_INF_EXCLUE;
Metolachlor ESA;3;;6854|3223;133;0;0,1;<seuil eau distribuée;AM 11/01/07;AEP;BORNE_INF_EXCLUE;
Metolachlor ESA;3;;6854|3223;133;0,1;2;>seuil eau distribuée et <seuil potabilisation;AM 11/01/07;AEP;BORNE_INF_EXCLUE;
Metolachlor ESA;3;;6854|3223;133;2;Inf;>seuil potabilisation;AM 11/01/07;AEP;BORNE_INF_EXCLUE;
Metolachlor OXA;3;;6853|3220|3221|3222;133;0;0,1;<seuil eau distribuée;AM 11/01/07;AEP;BORNE_INF_EXCLUE;
Metolachlor OXA;3;;6853|3220|3221|3222;133;0,1;2;>seuil eau distribuée et <seuil potabilisation;AM 11/01/07;AEP;BORNE_INF_EXCLUE;
Metolachlor OXA;3;;6853|3220|3221|3222;133;2;Inf;>seuil potabilisation;AM 11/01/07;AEP;BORNE_INF_EXCLUE;
Métolachlore CGA 357704;3;;7731;133;0;0,1;<seuil eau distribuée;AM 11/01/07;AEP;BORNE_INF_EXCLUE;
Métolachlore CGA 357704;3;;7731;133;0,1;2;>seuil eau distribuée et <seuil potabilisation;AM 11/01/07;AEP;BORNE_INF_EXCLUE;
Métolachlore CGA 357704;3;;7731;133;2;Inf;>seuil potabilisation;AM 11/01/07;AEP;BORNE_INF_EXCLUE;
Métolachlore CGA 368208;3;;7730;133;0;0,1;<seuil eau distribuée;AM 11/01/07;AEP;BORNE_INF_EXCLUE;
Métolachlore CGA 368208;3;;7730;133;0,1;2;>seuil eau distribuée et <seuil potabilisation;AM 11/01/07;AEP;BORNE_INF_EXCLUE;
Métolachlore CGA 368208;3;;7730;133;2;Inf;>seuil potabilisation;AM 11/01/07;AEP;BORNE_INF_EXCLUE;
Métolachlore CGA 50720;3;;7733;133;0;0,1;<seuil eau distribuée;AM 11/01/07;AEP;BORNE_INF_EXCLUE;
Métolachlore CGA 50720;3;;7733;133;0,1;2;>seuil eau distribuée et <seuil potabilisation;AM 11/01/07;AEP;BORNE_INF_EXCLUE;
Métolachlore CGA 50720;3;;7733;133;2;Inf;>seuil potabilisation;AM 11/01/07;AEP;BORNE_INF_EXCLUE;
Métazachlore ESA;3;;6895|3700|3785|3786|3787|3788;133;0;0,1;<seuil eau distribuée;AM 11/01/07;AEP;BORNE_INF_EXCLUE;
Métazachlore ESA;3;;6895|3700|3785|3786|3787|3788;133;0,1;2;>seuil eau distribuée et <seuil potabilisation;AM 11/01/07;AEP;BORNE_INF_EXCLUE;
Métazachlore ESA;3;;6895|3700|3785|3786|3787|3788;133;2;Inf;>seuil potabilisation;AM 11/01/07;AEP;BORNE_INF_EXCLUE;
Dimethenamid-P;3;;5617;133;0;0,2;<NQE moyen;INERIS 2011;NON_DCE;BORNE_INF_EXCLUE;
Dimethenamid-P;3;;5617;133;0,2;1,3;[NQE moyen - CMA[;INERIS 2011;NON_DCE;BORNE_INF_EXCLUE;
Dimethenamid-P;3;;5617;133;1,3;Inf;> CMA;INERIS 2011;NON_DCE;BORNE_INF_EXCLUE;
Dimethenamid-P;3;;5617;133;0;0,1;<seuil eau distribuée;AM 11/01/07;AEP;BORNE_INF_EXCLUE;
Dimethenamid-P;3;;5617;133;0,1;2;>seuil eau distribuée et <seuil potabilisation;AM 11/01/07;AEP;BORNE_INF_EXCLUE;
Dimethenamid-P;3;;5617;133;2;Inf;>seuil potabilisation;AM 11/01/07;AEP;BORNE_INF_EXCLUE;
dimoxystrobine;3;;5748;133;0;0,1;<seuil eau distribuée;AM 11/01/07;AEP;BORNE_INF_EXCLUE;
dimoxystrobine;3;;5748;133;0,1;2;>seuil eau distribuée et <seuil potabilisation;AM 11/01/07;AEP;BORNE_INF_EXCLUE;
dimoxystrobine;3;;5748;133;2;Inf;>seuil potabilisation;AM 11/01/07;AEP;BORNE_INF_EXCLUE;
prosulfocarbe;3;;1092;133;0;0,1;<seuil eau distribuée;AM 11/01/07;AEP;BORNE_INF_EXCLUE;
prosulfocarbe;3;;1092;133;0,1;2;>seuil eau distribuée et <seuil potabilisation;AM 11/01/07;AEP;BORNE_INF_EXCLUE;
prosulfocarbe;3;;1092;133;2;Inf;>seuil potabilisation;AM 11/01/07;AEP;BORNE_INF_EXCLUE;
prosulfocarbe;3;;1092;133;0;0,4;<NQE moyen;INERIS 2014;NON_DCE;BORNE_INF_EXCLUE;
prosulfocarbe;3;;1092;133;0,4;12;[NQE moyen - CMA[;INERIS 2014;NON_DCE;BORNE_INF_EXCLUE;
prosulfocarbe;3;;1092;133;12;Inf;> CMA;INERIS 2014;NON_DCE;BORNE_INF_EXCLUE;
Diméthénamide;3;;1678;133;0;0,2;<NQE moyen;INERIS 2011;NON_DCE;BORNE_INF_EXCLUE;
Diméthénamide;3;;1678;133;0,2;1,3;[NQE moyen - CMA[;INERIS 2011;NON_DCE;BORNE_INF_EXCLUE;
Diméthénamide;3;;1678;133;1,3;Inf;> CMA;INERIS 2011;NON_DCE;BORNE_INF_EXCLUE;
Diméthénamide;3;;1678;133;0;0,1;<seuil eau distribuée;AM 11/01/07;AEP;BORNE_INF_EXCLUE;
Diméthénamide;3;;1678;133;0,1;2;>seuil eau distribuée et <seuil potabilisation;AM 11/01/07;AEP;BORNE_INF_EXCLUE;
Diméthénamide;3;;1678;133;2;Inf;>seuil potabilisation;AM 11/01/07;AEP;BORNE_INF_EXCLUE;
Nicosulfuron;3;;1882;133;0;0,1;<seuil eau distribuée;AM 11/01/07;AEP;BORNE_INF_EXCLUE;
Nicosulfuron;3;;1882;133;0,1;2;>seuil eau distribuée et <seuil potabilisation;AM 11/01/07;AEP;BORNE_INF_EXCLUE;
Nicosulfuron;3;;1882;133;2;Inf;>seuil potabilisation;AM 11/01/07;AEP;BORNE_INF_EXCLUE;
Terbuthylazine;3;;1268;133;0;0,06;<NQE moyen;INERIS 2011;NON_DCE;BORNE_INF_EXCLUE;
Terbuthylazine;3;;1268;133;0,06;0,3;[NQE moyen - CMA[;INERIS 2011;NON_DCE;BORNE_INF_EXCLUE;
Terbuthylazine;3;;1268;133;0,3;Inf;> CMA;INERIS 2011;NON_DCE;BORNE_INF_EXCLUE;
Bentazone;3;;1113;133;0;0,1;<seuil eau distribuée;AM 11/01/07;AEP;BORNE_INF_EXCLUE;
Bentazone;3;;1113;133;0,1;2;>seuil eau distribuée et <seuil potabilisation;AM 11/01/07;AEP;BORNE_INF_EXCLUE;
Bentazone;3;;1113;133;2;Inf;>seuil potabilisation;AM 11/01/07;AEP;BORNE_INF_EXCLUE;
Diflufénicanil;3;;1814;133;0;0,1;<seuil eau distribuée;AM 11/01/07;AEP;BORNE_INF_EXCLUE;
Diflufénicanil;3;;1814;133;0,1;2;>seuil eau distribuée et <seuil potabilisation;AM 11/01/07;AEP;BORNE_INF_EXCLUE;
Diflufénicanil;3;;1814;133;2;Inf;>seuil potabilisation;AM 11/01/07;AEP;BORNE_INF_EXCLUE;
Mancozèbe;3;;1211;133;0;0,1;<seuil eau distribuée;AM 11/01/07;AEP;BORNE_INF_EXCLUE;
Mancozèbe;3;;1211;133;0,1;2;>seuil eau distribuée et <seuil potabilisation;AM 11/01/07;AEP;BORNE_INF_EXCLUE;
Mancozèbe;3;;1211;133;2;Inf;>seuil potabilisation;AM 11/01/07;AEP;BORNE_INF_EXCLUE;
Mancozèbe;3;;1211;133;0;0,219;<NQE moyen;INERIS 2014;NON_DCE;BORNE_INF_EXCLUE;
Mancozèbe;3;;1211;133;0,219;Inf;> CMA;INERIS 2014;NON_DCE;BORNE_INF_EXCLUE;
Ethylenethiouree;3;;5648|1849|1881;133;0;0,1;<seuil eau distribuée;AM 11/01/07;AEP;BORNE_INF_EXCLUE;
Ethylenethiouree;3;;5648|1849|1881;133;0,1;2;>seuil eau distribuée et <seuil potabilisation;AM 11/01/07;AEP;BORNE_INF_EXCLUE;
Ethylenethiouree;3;;5648|1849|1881;133;2;Inf;>seuil potabilisation;AM 11/01/07;AEP;BORNE_INF_EXCLUE;
Ethylenethiouree;3;;5648|1849|1881;133;0;0,077;<NQE moyen;INERIS 2015;NON_DCE;BORNE_INF_EXCLUE;
Ethylenethiouree;3;;5648|1849|1881;133;0,077;220;[NQE moyen - CMA[;INERIS 2015;NON_DCE;BORNE_INF_EXCLUE;
Ethylenethiouree;3;;5648|1849|1881;133;220;Inf;> CMA;INERIS 2015;NON_DCE;BORNE_INF_EXCLUE;
Atrazine;3;;1107|551;133;0;0,1;<seuil eau distribuée;AM 11/01/07;AEP;BORNE_INF_EXCLUE;
Atrazine;3;;1107|551;133;0,1;2;>seuil eau distribuée et <seuil potabilisation;AM 11/01/07;AEP;BORNE_INF_EXCLUE;
Atrazine;3;;1107|551;133;2;Inf;>seuil potabilisation;AM 11/01/07;AEP;BORNE_INF_EXCLUE;
Alachlor ESA;3;;6800|3139;133;0;0,1;<seuil eau distribuée;AM 11/01/07;AEP;BORNE_INF_EXCLUE;
Alachlor ESA;3;;6800|3139;133;0,1;2;>seuil eau distribuée et <seuil potabilisation;AM 11/01/07;AEP;BORNE_INF_EXCLUE;
Alachlor ESA;3;;6800|3139;133;2;Inf;>seuil potabilisation;AM 11/01/07;AEP;BORNE_INF_EXCLUE;
2-hydroxy atrazine;3;;1832|631;133;0;0,1;<seuil eau distribuée;AM 11/01/07;AEP;BORNE_INF_EXCLUE;
2-hydroxy atrazine;3;;1832|631;133;0,1;2;>seuil eau distribuée et <seuil potabilisation;AM 11/01/07;AEP;BORNE_INF_EXCLUE;
2-hydroxy atrazine;3;;1832|631;133;2;Inf;>seuil potabilisation;AM 11/01/07;AEP;BORNE_INF_EXCLUE;
Atrazine déséthyl;3;;1108|552;133;0;0,1;<seuil eau distribuée;AM 11/01/07;AEP;BORNE_INF_EXCLUE;
Atrazine déséthyl;3;;1108|552;133;0,1;2;>seuil eau distribuée et <seuil potabilisation;AM 11/01/07;AEP;BORNE_INF_EXCLUE;
Atrazine déséthyl;3;;1108|552;133;2;Inf;>seuil potabilisation;AM 11/01/07;AEP;BORNE_INF_EXCLUE;
Métazachlore OXA;3;;6894|3699|3780|3781|3782|3783;133;0;0,1;<seuil eau distribuée;AM 11/01/07;AEP;BORNE_INF_EXCLUE;
Métazachlore OXA;3;;6894|3699|3780|3781|3782|3783;133;0,1;2;>seuil eau distribuée et <seuil potabilisation;AM 11/01/07;AEP;BORNE_INF_EXCLUE;
Métazachlore OXA;3;;6894|3699|3780|3781|3782|3783;133;2;Inf;>seuil potabilisation;AM 11/01/07;AEP;BORNE_INF_EXCLUE;
AMPA;3;;1907|302;133;0;0,1;<seuil eau distribuée;AM 11/01/07;AEP;BORNE_INF_EXCLUE;
AMPA;3;;1907|302;133;0,1;2;>seuil eau distribuée et <seuil potabilisation;AM 11/01/07;AEP;BORNE_INF_EXCLUE;
AMPA;3;;1907|302;133;2;Inf;>seuil potabilisation;AM 11/01/07;AEP;BORNE_INF_EXCLUE;
Terbuthylazine;3;;1268|603|464;133;0;0,1;<seuil eau distribuée;AM 11/01/07;AEP;BORNE_INF_EXCLUE;
Terbuthylazine;3;;1268|603|464;133;0,1;2;>seuil eau distribuée et <seuil potabilisation;AM 11/01/07;AEP;BORNE_INF_EXCLUE;
Terbuthylazine;3;;1268|603|464;133;2;Inf;>seuil potabilisation;AM 11/01/07;AEP;BORNE_INF_EXCLUE;
Terbuthylazine;3;;1268|603|464;133;0;0,06;<NQE moyen;INERIS 2011;NON_DCE;BORNE_INF_EXCLUE;
Terbuthylazine;3;;1268|603|464;133;0,06;0,3;[NQE moyen - CMA[;INERIS 2011;NON_DCE;BORNE_INF_EXCLUE;
Terbuthylazine;3;;1268|603|464;133;0,3;Inf;> CMA;INERIS 2011;NON_DCE;BORNE_INF_EXCLUE;
Glyphosate;3;;1506;133;0;0,1;<seuil eau distribuée;AM 11/01/07;AEP;BORNE_INF_EXCLUE;
Glyphosate;3;;1506;133;0,1;2;>seuil eau distribuée et <seuil potabilisation;AM 11/01/07;AEP;BORNE_INF_EXCLUE;
Glyphosate;3;;1506;133;2;Inf;>seuil potabilisation;AM 11/01/07;AEP;BORNE_INF_EXCLUE;
Acetochlor ESA;3;;6856;133;0;0,1;<seuil eau distribuée;AM 11/01/07;AEP;BORNE_INF_EXCLUE;
Acetochlor ESA;3;;6856;133;0,1;2;>seuil eau distribuée et <seuil potabilisation;AM 11/01/07;AEP;BORNE_INF_EXCLUE;
Acetochlor ESA;3;;6856;133;2;Inf;>seuil potabilisation;AM 11/01/07;AEP;BORNE_INF_EXCLUE;
